customer_id,geography,gender,age,tenure_years,balance,credit_score,num_products,has_credit_card,is_active_member,estimated_salary,exited,complaints_last_year,support_calls,satisfaction_score,last_contact_days_ago,contract_type,products_used,loan_amount,mobile_app_logins_month,churn_risk_pct
BNK-300000,Germany,Female,67,7,1619.72,599,1,True,False,65499479,False,0,2,4.73,28,annual,1,0.0,2,30.5
BNK-300001,France,Female,37,7,8461.3,640,1,True,False,14866304,False,0,0,5.0,85,annual,1,0.0,1,15.3
BNK-300002,France,Male,69,5,485.31,571,2,True,True,19384992,False,0,2,3.58,35,monthly,2,0.0,8,3.0
BNK-300003,Spain,Female,18,8,0.0,618,2,True,True,35062253,True,1,0,3.51,309,annual,2,0.0,11,3.0
BNK-300004,France,Female,36,8,1264.65,587,3,True,True,11376579,False,0,1,4.89,188,biennial,3,89586.0,15,2.0
BNK-300005,France,Male,53,2,237.01,618,1,True,False,32668761,False,0,0,3.54,158,monthly,1,0.0,4,21.5
BNK-300006,France,Male,35,6,1082.71,688,1,True,False,55438671,False,0,3,5.0,181,annual,1,0.0,3,13.6
BNK-300007,Germany,Male,19,0,14807.34,645,1,True,True,44281374,False,0,2,4.89,35,monthly,1,0.0,9,16.4
BNK-300008,Germany,Male,27,0,0.0,624,1,True,True,37778561,False,0,0,3.01,237,monthly,1,0.0,14,13.9
BNK-300009,France,Male,71,4,16881.96,606,2,True,True,32326354,False,0,2,5.0,355,monthly,2,57816.0,10,4.4
BNK-300010,France,Male,42,7,9395.65,671,3,False,True,29321162,False,2,0,3.05,52,monthly,3,70834.0,11,1.2
BNK-300011,Spain,Male,27,5,0.0,618,1,True,True,28488618,False,1,3,3.45,93,monthly,1,0.0,12,9.2
BNK-300012,France,Male,53,1,4837.18,587,3,True,True,40715400,False,1,1,4.55,283,annual,3,0.0,13,4.2
BNK-300013,France,Female,39,7,12962.62,635,2,True,True,16723224,False,1,1,4.83,290,monthly,2,0.0,14,1.8
BNK-300014,France,Female,40,6,0.0,626,3,True,True,75475073,False,1,0,4.08,103,annual,3,0.0,12,1.8
BNK-300015,Spain,Male,71,7,2276.24,645,3,False,False,25113991,False,0,2,3.5,5,monthly,3,11738.0,2,7.1
BNK-300016,France,Female,48,6,0.0,688,3,True,True,47994391,False,0,2,3.79,262,monthly,3,0.0,14,2.2
BNK-300017,France,Female,22,8,23661.51,587,1,True,False,37804428,False,0,1,3.7,94,annual,1,38425.0,1,15.3
BNK-300018,Germany,Male,71,3,8936.97,557,1,True,False,20397758,False,0,0,4.67,295,annual,1,7114.0,0,32.5
BNK-300019,France,Male,18,0,10173.47,610,1,True,True,69309165,False,0,1,3.68,123,annual,1,0.0,15,15.4
BNK-300020,Spain,Female,57,5,15758.57,650,1,False,True,62363259,False,0,1,3.48,356,annual,1,5698.0,18,9.5
BNK-300021,Spain,Female,23,9,10379.44,629,2,True,True,16558729,False,0,0,2.82,313,annual,2,22270.0,11,2.8
BNK-300022,Germany,Male,33,0,776.51,480,4,True,True,35003901,False,0,0,3.52,25,monthly,4,83426.0,13,4.7
BNK-300023,France,Female,74,9,11759.44,643,2,True,False,40282934,False,0,0,3.91,273,monthly,2,38383.0,0,7.3
BNK-300024,France,Female,27,7,1807.41,704,1,True,True,12891602,False,0,0,3.1,262,monthly,1,0.0,8,5.3
BNK-300025,Germany,Male,73,0,9708.12,469,1,False,True,12578291,True,0,0,1.6,113,monthly,1,0.0,11,21.1
BNK-300026,France,Male,34,5,430.44,634,2,True,True,23936714,False,1,0,4.78,335,monthly,2,0.0,12,2.6
BNK-300027,Germany,Female,39,3,8511.83,676,1,False,True,18833443,False,1,1,3.2,287,monthly,1,0.0,12,4.7
BNK-300028,France,Male,71,6,2797.29,548,1,False,True,21552314,False,0,0,2.95,97,monthly,1,0.0,17,18.3
BNK-300029,Germany,Female,60,7,3008.98,620,1,True,True,18835014,False,0,2,5.0,295,monthly,1,49491.0,10,11.2
BNK-300030,France,Female,34,3,2408.0,643,3,True,True,34159743,False,0,4,4.68,259,monthly,3,0.0,8,1.7
BNK-300031,Germany,Male,59,4,1940.29,536,1,True,True,23245386,False,1,3,4.82,187,biennial,1,0.0,14,10.6
BNK-300032,France,Female,45,0,10555.04,559,4,True,True,63385042,False,0,2,4.4,325,biennial,4,0.0,10,7.4
BNK-300033,France,Male,23,0,1691.96,547,2,False,True,39740859,False,1,0,5.0,185,biennial,2,0.0,17,3.0
BNK-300034,France,Male,32,7,10227.78,651,2,True,True,54022539,False,0,4,4.71,99,annual,2,0.0,10,1.6
BNK-300035,France,Female,31,3,0.0,595,3,True,True,15613110,False,0,2,3.72,186,biennial,3,0.0,11,4.1
BNK-300036,Spain,Male,45,8,0.0,654,3,True,True,26526199,False,1,0,3.15,177,monthly,3,0.0,13,2.8
BNK-300037,France,Male,68,5,916.11,613,1,False,False,38875055,False,0,2,2.97,61,annual,1,0.0,0,15.9
BNK-300038,France,Male,50,3,13865.03,654,1,False,True,45546509,False,3,2,3.89,209,annual,1,0.0,16,4.1
BNK-300039,Germany,Male,27,8,9843.98,766,1,False,True,26269189,False,1,0,3.12,296,monthly,1,0.0,16,4.6
BNK-300040,France,Male,52,0,5246.84,580,1,True,True,28266568,False,2,2,3.36,320,monthly,1,0.0,8,10.8
BNK-300041,Spain,Female,47,8,3987.34,630,1,True,False,29858666,False,0,2,3.88,261,annual,1,0.0,1,22.2
BNK-300042,France,Female,40,0,5531.3,575,2,True,True,31290450,False,1,1,5.0,179,biennial,2,40993.0,12,5.8
BNK-300043,Spain,Female,31,9,5689.65,636,1,False,True,107162179,False,2,1,2.79,310,annual,1,0.0,15,7.7
BNK-300044,Germany,Male,58,5,22708.9,620,4,True,True,42472900,False,0,2,4.02,339,monthly,4,0.0,16,2.9
BNK-300045,France,Male,49,4,6146.2,588,3,True,False,37046815,True,1,1,2.0,297,monthly,3,0.0,2,5.9
BNK-300046,France,Female,42,6,1832.09,655,2,True,True,19350930,False,0,0,3.55,289,monthly,2,87534.0,12,1.1
BNK-300047,France,Male,29,7,6728.19,625,2,False,True,19581236,False,0,0,4.74,286,annual,2,0.0,14,2.4
BNK-300048,Germany,Male,24,2,26198.54,611,1,True,True,32643333,False,1,1,3.32,179,monthly,1,0.0,19,7.7
BNK-300049,France,Female,30,1,4919.59,630,1,True,False,63907218,False,0,1,3.79,285,monthly,1,0.0,2,36.7
BNK-300050,Germany,Female,53,9,0.0,637,1,True,True,32873760,False,0,1,4.11,140,biennial,1,61627.0,9,18.7
BNK-300051,Germany,Male,20,5,22217.75,583,3,True,True,33585319,False,0,0,4.56,344,monthly,3,0.0,10,2.3
BNK-300052,Germany,Male,22,2,0.0,632,1,False,True,25031134,True,0,1,2.56,322,annual,1,0.0,9,8.3
BNK-300053,Germany,Male,74,9,12040.68,578,1,False,False,15201715,False,0,0,5.0,221,annual,1,0.0,2,20.4
BNK-300054,Spain,Male,33,0,0.0,647,3,False,True,45181694,False,0,1,3.64,262,annual,3,0.0,14,4.2
BNK-300055,France,Male,24,8,16.7,716,1,False,True,31978687,False,1,0,4.39,302,biennial,1,0.0,9,7.1
BNK-300056,France,Female,72,0,35572.68,450,3,False,True,45388565,False,0,1,3.85,211,biennial,3,13410.0,15,7.9
BNK-300057,France,Male,41,6,4133.62,668,4,True,True,39234666,False,0,3,4.59,292,monthly,4,0.0,10,1.9
BNK-300058,France,Male,18,0,9277.08,638,1,True,True,22425409,False,0,1,5.0,269,monthly,1,0.0,14,12.2
BNK-300059,France,Male,41,1,9345.07,537,2,True,True,40648001,False,0,1,3.78,99,biennial,2,0.0,16,3.4
BNK-300060,France,Male,19,3,55.32,680,1,True,True,19043372,False,2,3,3.99,56,annual,1,0.0,12,3.6
BNK-300061,Spain,Female,35,1,2269.78,554,1,False,True,40488412,False,0,2,3.65,206,monthly,1,0.0,7,13.3
BNK-300062,France,Male,71,0,8461.66,589,3,False,False,35192258,False,2,0,3.53,1,biennial,3,42910.0,1,9.2
BNK-300063,Germany,Male,63,6,1782.79,577,1,False,True,78456500,False,1,1,3.44,266,annual,1,0.0,17,6.6
BNK-300064,France,Male,41,7,0.0,583,4,True,False,23542320,False,1,0,3.99,249,monthly,4,78937.0,2,5.3
BNK-300065,France,Male,37,3,9083.42,703,4,True,True,18705184,False,0,4,3.38,38,monthly,4,0.0,8,2.1
BNK-300066,France,Female,51,6,470.52,559,2,True,True,29537580,False,1,3,3.4,113,biennial,2,0.0,9,2.3
BNK-300067,France,Male,53,3,12455.21,562,1,True,True,49244009,False,0,1,1.47,194,annual,1,63234.0,10,6.8
BNK-300068,France,Female,61,2,11188.1,550,1,False,True,8965492,False,0,1,5.0,265,biennial,1,0.0,18,6.4
BNK-300069,France,Male,48,8,1743.81,623,1,True,False,56261539,False,0,0,5.0,2,annual,1,0.0,0,15.4
BNK-300070,Germany,Male,22,5,6113.86,684,1,False,True,32718378,False,0,1,4.52,203,monthly,1,0.0,9,5.6
BNK-300071,France,Female,67,0,3530.29,551,1,False,True,20517736,False,0,0,3.3,88,monthly,1,0.0,18,18.3
BNK-300072,France,Female,37,6,1514.78,682,1,True,False,30214500,False,0,1,2.99,145,monthly,1,45834.0,2,10.0
BNK-300073,France,Female,64,3,7630.64,592,2,True,True,25070910,False,0,3,2.75,178,monthly,2,0.0,14,4.4
BNK-300074,France,Male,64,0,7244.69,487,1,True,False,19681753,False,0,0,4.51,73,annual,1,0.0,3,32.6
BNK-300075,France,Male,30,2,21285.72,642,1,False,False,13776202,False,0,2,5.0,112,monthly,1,43043.0,1,12.6
BNK-300076,France,Female,47,3,9149.23,612,2,True,True,52325519,False,1,0,4.13,151,monthly,2,0.0,13,2.1
BNK-300077,Germany,Female,60,0,0.0,535,1,True,True,27453800,False,3,0,4.69,281,biennial,1,0.0,11,30.4
BNK-300078,Germany,Female,38,7,4015.85,731,1,True,True,29859623,False,1,0,4.36,105,annual,1,51281.0,12,6.2
BNK-300079,Spain,Female,63,2,3221.73,595,1,True,False,55402992,False,1,1,3.38,233,monthly,1,0.0,1,17.0
BNK-300080,Spain,Male,47,1,0.0,625,1,True,True,37344173,True,0,0,3.81,132,monthly,1,0.0,13,14.1
BNK-300081,France,Male,70,1,23377.3,592,1,False,True,16652096,False,0,1,4.76,98,monthly,1,0.0,14,15.4
BNK-300082,France,Female,69,7,14298.69,585,1,True,True,50837953,True,1,0,2.21,41,annual,1,0.0,11,10.3
BNK-300083,Spain,Female,72,5,18729.11,607,2,False,True,76261073,False,0,0,4.65,7,biennial,2,0.0,10,3.4
BNK-300084,France,Male,30,8,0.0,681,1,True,True,46702223,False,0,2,3.88,126,annual,1,0.0,26,5.4
BNK-300085,France,Male,60,4,753.31,569,1,False,True,23564443,False,2,2,3.79,93,monthly,1,0.0,16,9.2
BNK-300086,Germany,Female,60,6,2393.83,559,2,True,True,17389268,False,1,0,4.31,274,annual,2,0.0,12,6.7
BNK-300087,Germany,Female,43,4,0.0,618,2,True,False,23139668,True,0,4,3.29,189,monthly,2,0.0,0,7.7
BNK-300088,France,Female,27,5,1345.33,672,1,False,False,38235377,False,0,1,4.71,21,annual,1,0.0,7,7.5
BNK-300089,France,Male,34,8,1585.95,663,4,True,True,74096838,False,1,2,3.32,278,monthly,4,49911.0,12,1.2
BNK-300090,France,Male,47,6,10391.94,620,3,False,True,24842750,False,1,0,4.45,145,monthly,3,0.0,11,1.6
BNK-300091,France,Female,67,4,19912.13,582,2,True,True,26253229,False,0,1,3.07,220,monthly,2,0.0,15,1.6
BNK-300092,France,Male,70,8,654.59,597,1,True,True,60519572,False,0,0,3.86,46,annual,1,0.0,7,10.3
BNK-300093,Germany,Male,70,6,0.0,654,1,False,True,29231260,False,1,0,3.91,21,monthly,1,0.0,8,14.1
BNK-300094,France,Male,71,9,9258.04,626,1,False,True,85561418,False,0,2,4.78,38,monthly,1,0.0,4,3.2
BNK-300095,France,Male,23,6,1316.0,644,2,True,True,33723446,False,0,0,4.01,170,annual,2,0.0,12,1.4
BNK-300096,France,Male,74,6,2688.01,514,4,True,True,65113362,False,0,2,3.79,322,monthly,4,0.0,5,2.9
BNK-300097,Spain,Female,49,5,9564.06,608,4,True,True,43975639,False,0,1,5.0,350,monthly,4,0.0,14,0.9
BNK-300098,France,Female,23,8,3525.49,656,1,True,True,51717171,False,0,0,3.66,293,monthly,1,92669.0,7,7.2
BNK-300099,France,Male,25,3,17884.65,611,4,False,True,33238569,False,0,0,3.62,330,monthly,4,0.0,18,1.9
BNK-300100,Germany,Male,32,5,17773.75,679,3,True,True,34343526,False,0,3,2.5,280,annual,3,0.0,17,2.6
BNK-300101,France,Female,32,9,6060.74,677,2,True,False,44777448,False,0,1,3.83,271,monthly,2,0.0,2,3.5
BNK-300102,France,Male,24,2,1103.35,562,3,True,False,54125994,False,0,1,3.25,154,monthly,3,17238.0,0,6.1
BNK-300103,France,Female,39,4,569.48,648,1,True,False,47241631,True,0,1,2.8,104,biennial,1,56349.0,1,10.1
BNK-300104,Spain,Male,49,0,3781.34,513,1,True,False,15007073,True,0,1,3.19,230,monthly,1,0.0,2,25.7
BNK-300105,Germany,Male,35,5,1088.74,665,3,False,True,41309227,False,0,0,3.13,9,annual,3,0.0,11,2.4
BNK-300106,Germany,Female,56,3,0.0,570,1,True,True,26152664,False,0,2,3.34,66,annual,1,0.0,8,17.5
BNK-300107,Spain,Male,58,5,10143.29,606,2,True,False,27641128,False,1,0,2.72,167,monthly,2,0.0,2,12.0
BNK-300108,Germany,Male,40,2,11919.49,605,3,False,True,45649657,False,0,2,3.59,231,annual,3,0.0,13,2.5
BNK-300109,France,Male,22,8,17254.7,675,3,False,True,84877088,False,0,3,3.24,137,annual,3,0.0,10,1.2
BNK-300110,France,Male,35,9,19635.23,677,1,True,False,32337229,False,0,0,5.0,281,monthly,1,96963.0,3,16.0
BNK-300111,France,Male,52,5,70.22,615,2,True,True,97386250,False,0,0,5.0,247,monthly,2,0.0,13,3.5
BNK-300112,France,Female,40,6,3526.29,712,1,False,True,20983687,False,0,2,5.0,95,monthly,1,0.0,18,4.5
BNK-300113,Spain,Male,51,4,0.0,614,3,True,True,67229765,False,1,1,2.96,26,monthly,3,0.0,7,4.7
BNK-300114,France,Female,66,2,647.95,576,2,True,True,45041791,False,1,1,3.86,100,monthly,2,0.0,8,3.4
BNK-300115,France,Female,62,4,0.0,560,2,True,False,40306915,False,0,2,3.04,337,monthly,2,0.0,1,14.8
BNK-300116,France,Male,53,4,224.25,617,3,True,True,72517355,False,0,2,5.0,84,annual,3,0.0,14,1.7
BNK-300117,France,Female,23,7,10313.79,630,2,False,True,26416222,False,0,2,4.66,268,monthly,2,0.0,15,2.1
BNK-300118,Spain,Male,60,6,23474.84,654,2,True,True,68788001,False,0,2,3.16,250,annual,2,0.0,13,2.8
BNK-300119,France,Male,36,3,19835.41,560,2,False,True,32723302,False,1,1,4.3,354,monthly,2,0.0,10,2.0
BNK-300120,France,Male,41,6,694.61,602,2,False,True,26342706,False,2,0,2.81,337,annual,2,44294.0,14,1.6
BNK-300121,Germany,Female,57,9,3898.95,571,2,False,True,18707331,False,1,0,3.89,315,annual,2,0.0,10,5.3
BNK-300122,Spain,Female,65,4,0.0,601,3,True,True,80231940,False,1,0,3.86,113,monthly,3,0.0,15,6.8
BNK-300123,France,Male,58,8,13096.41,610,1,False,False,64256006,False,0,2,4.59,157,monthly,1,0.0,3,25.0
BNK-300124,France,Female,35,4,8624.06,656,1,False,False,28594462,False,0,1,4.79,179,monthly,1,0.0,4,14.4
BNK-300125,Germany,Male,43,1,3403.15,554,1,False,True,47701081,True,2,1,3.02,242,monthly,1,26624.0,13,21.7
BNK-300126,France,Male,38,1,29.52,622,1,True,True,38688582,False,0,0,3.82,53,monthly,1,75242.0,10,9.6
BNK-300127,Germany,Male,44,3,8930.6,631,3,True,True,30440939,False,0,2,1.41,308,annual,3,0.0,8,1.5
BNK-300128,Germany,Female,61,5,3530.14,606,2,False,True,58828345,False,1,2,5.0,235,annual,2,0.0,13,4.1
BNK-300129,Spain,Female,73,9,441.4,613,1,True,True,26563456,False,0,2,3.47,75,monthly,1,68439.0,21,7.9
BNK-300130,Spain,Male,40,3,13657.52,619,2,True,False,12139007,False,0,0,4.08,19,biennial,2,0.0,3,5.0
BNK-300131,Spain,Male,36,2,569.67,575,1,True,True,41353761,True,2,0,4.81,4,biennial,1,0.0,15,7.6
BNK-300132,France,Male,68,6,1446.49,552,2,True,True,37548287,False,0,0,3.04,132,monthly,2,0.0,14,5.7
BNK-300133,Spain,Female,26,3,9408.17,656,1,False,True,26993848,False,1,1,4.02,112,annual,1,0.0,13,2.6
BNK-300134,Germany,Female,40,4,14430.01,607,1,False,True,23243710,False,0,1,4.4,55,monthly,1,0.0,14,7.1
BNK-300135,France,Male,72,2,1039.4,576,1,False,True,16652255,False,1,1,4.87,160,annual,1,0.0,11,2.9
BNK-300136,Spain,Female,68,2,5488.98,626,1,True,True,30292007,False,1,2,4.0,9,annual,1,33073.0,9,7.6
BNK-300137,Spain,Male,64,0,2964.09,535,2,True,True,23444329,False,0,1,4.94,228,monthly,2,0.0,11,7.1
BNK-300138,Spain,Female,68,5,0.0,563,2,True,True,58817692,False,2,2,3.67,161,monthly,2,0.0,11,12.0
BNK-300139,France,Male,31,4,8578.39,622,1,True,True,47016379,False,1,0,4.43,96,annual,1,0.0,9,9.4
BNK-300140,France,Female,21,1,108.67,628,2,True,False,28502100,False,0,0,4.33,167,monthly,2,98987.0,2,14.2
BNK-300141,Spain,Female,66,7,6690.98,631,2,True,False,47162757,False,1,5,3.93,161,annual,2,0.0,0,5.9
BNK-300142,Spain,Male,46,2,1931.58,595,3,True,False,34415511,False,1,1,4.26,307,biennial,3,80169.0,1,3.2
BNK-300143,France,Female,32,6,9082.86,733,1,True,True,31738172,False,0,5,3.3,237,monthly,1,0.0,15,2.7
BNK-300144,France,Female,45,1,10531.1,607,2,False,True,35333794,False,0,2,3.76,86,monthly,2,0.0,9,7.5
BNK-300145,Germany,Female,65,0,10772.73,583,2,False,True,88049536,False,0,1,2.97,301,annual,2,0.0,10,6.2
BNK-300146,France,Female,46,1,4752.12,587,2,False,True,50111673,False,0,0,3.65,121,annual,2,30755.0,8,3.8
BNK-300147,Germany,Male,53,5,2898.23,650,1,True,False,31280773,False,1,3,4.91,83,annual,1,44016.0,3,12.1
BNK-300148,Spain,Female,47,1,512.66,579,1,True,True,56779548,False,0,0,4.34,265,monthly,1,0.0,9,6.6
BNK-300149,France,Male,45,3,0.0,580,1,True,True,55765124,False,0,1,4.25,292,annual,1,0.0,15,10.7
BNK-300150,Germany,Female,72,5,1946.12,618,3,True,True,41351280,False,0,0,2.72,3,monthly,3,0.0,10,3.6
BNK-300151,Germany,Male,70,6,522.34,590,2,False,False,30813713,False,1,0,4.26,342,monthly,2,0.0,0,5.4
BNK-300152,France,Female,42,7,21961.24,652,2,False,True,29812862,False,1,0,3.95,230,monthly,2,59326.0,7,1.3
BNK-300153,France,Female,64,4,2479.97,625,2,False,True,21214213,False,1,0,4.43,150,annual,2,0.0,10,3.7
BNK-300154,Germany,Male,59,1,15538.31,575,1,False,True,39745271,False,0,2,5.0,275,biennial,1,0.0,7,18.7
BNK-300155,Spain,Female,25,9,167.65,678,1,True,False,26770778,False,0,3,3.67,201,annual,1,0.0,0,10.4
BNK-300156,Germany,Male,66,7,25909.52,585,2,False,True,29191721,True,0,0,2.75,348,annual,2,0.0,12,6.2
BNK-300157,Spain,Male,58,8,0.0,669,1,True,True,49613038,False,0,2,4.73,4,monthly,1,0.0,14,6.6
BNK-300158,France,Male,66,9,831.81,609,3,True,True,84422671,False,1,2,3.52,195,annual,3,0.0,12,2.1
BNK-300159,Spain,Male,63,7,1459.98,609,1,False,True,43787366,False,0,1,4.07,259,annual,1,66233.0,5,9.8
BNK-300160,Germany,Female,71,9,26897.98,626,2,True,False,34455600,False,0,1,2.4,13,annual,2,10345.0,2,8.9
BNK-300161,France,Male,48,5,2871.23,629,1,True,True,35976391,False,1,1,3.75,318,annual,1,26357.0,9,6.0
BNK-300162,France,Female,21,5,10650.44,699,3,True,False,64150192,False,1,1,5.0,128,monthly,3,0.0,2,2.4
BNK-300163,France,Female,33,5,7901.98,637,3,False,True,44083961,False,0,1,4.27,8,monthly,3,0.0,9,1.2
BNK-300164,France,Male,26,5,675.85,706,1,True,True,40009333,False,0,0,4.72,141,annual,1,0.0,9,2.2
BNK-300165,Spain,Female,31,4,6572.44,625,2,True,True,41451742,False,0,1,4.77,308,monthly,2,0.0,4,1.0
BNK-300166,Spain,Female,50,3,6933.49,613,4,True,True,17777542,False,0,1,5.0,350,monthly,4,0.0,14,1.4
BNK-300167,France,Male,73,7,2852.09,589,2,False,True,44145144,False,0,1,3.72,55,biennial,2,0.0,8,4.3
BNK-300168,France,Female,61,3,6491.91,666,1,True,False,23444482,True,0,0,3.75,142,biennial,1,0.0,3,16.6
BNK-300169,France,Male,42,9,3223.26,644,3,False,True,44232217,False,0,0,5.0,307,monthly,3,0.0,10,2.5
BNK-300170,Spain,Male,45,7,7131.89,628,1,True,True,25144770,False,0,2,3.98,8,monthly,1,89317.0,12,4.6
BNK-300171,Spain,Male,47,9,3818.65,656,1,False,True,48804841,False,0,0,2.94,198,monthly,1,23045.0,7,2.2
BNK-300172,France,Female,41,6,1687.44,625,3,True,False,33639752,False,1,1,3.52,198,monthly,3,0.0,4,5.1
BNK-300173,France,Male,52,5,1457.96,624,4,False,False,20482364,False,0,0,4.37,135,monthly,4,0.0,2,3.0
BNK-300174,France,Female,71,3,8405.43,616,1,True,True,31403026,False,1,0,2.67,117,monthly,1,0.0,19,8.4
BNK-300175,Germany,Male,23,6,0.0,669,1,True,False,109419486,False,0,2,3.39,343,annual,1,0.0,5,11.0
BNK-300176,France,Female,38,5,20247.13,640,1,False,False,11654789,False,0,1,3.74,131,monthly,1,22671.0,4,11.8
BNK-300177,France,Male,22,3,15259.66,631,3,False,False,39465054,False,2,0,4.09,223,monthly,3,0.0,1,5.8
BNK-300178,Spain,Female,66,0,1350.52,530,3,True,True,21910412,False,0,2,5.0,275,annual,3,86839.0,12,7.0
BNK-300179,France,Male,29,0,1575.46,610,3,True,True,72289794,False,0,1,4.55,15,monthly,3,0.0,9,2.9
BNK-300180,Spain,Male,55,2,9366.71,583,1,True,False,54619958,True,0,0,2.11,302,biennial,1,0.0,4,14.5
BNK-300181,Spain,Female,21,7,0.0,721,1,True,True,39853081,False,1,0,5.0,279,monthly,1,0.0,11,5.7
BNK-300182,France,Female,45,9,1367.31,616,2,False,False,57452633,False,0,1,3.99,71,monthly,2,0.0,1,5.4
BNK-300183,France,Female,69,9,4110.51,676,1,True,True,41039316,False,0,1,2.66,67,monthly,1,0.0,11,8.8
BNK-300184,Germany,Male,72,5,11887.95,576,1,True,True,36426787,False,1,0,3.17,207,monthly,1,0.0,18,8.8
BNK-300185,Germany,Male,26,8,8211.51,680,1,False,True,26918538,False,0,1,3.17,337,monthly,1,0.0,11,4.9
BNK-300186,France,Female,55,0,1214.97,524,2,False,True,30319390,False,0,4,2.92,325,biennial,2,0.0,12,2.8
BNK-300187,Spain,Male,30,8,6641.34,691,2,True,True,28795357,False,0,1,4.41,61,biennial,2,0.0,12,2.5
BNK-300188,Spain,Male,59,9,25684.56,595,3,True,True,36503824,False,0,2,1.87,220,biennial,3,0.0,17,2.4
BNK-300189,Germany,Male,48,4,7517.96,624,1,True,False,14100272,False,1,1,4.79,178,annual,1,0.0,1,11.3
BNK-300190,France,Male,63,0,1716.06,566,3,True,True,60768824,False,0,2,4.65,252,monthly,3,0.0,11,7.0
BNK-300191,France,Female,69,7,908.06,589,2,True,False,96127993,False,0,2,3.63,191,biennial,2,7245.0,0,9.0
BNK-300192,France,Male,38,0,42822.01,510,1,False,True,29257524,False,0,0,4.73,209,annual,1,0.0,10,9.2
BNK-300193,France,Male,20,6,3468.33,754,2,True,True,65347599,False,1,4,3.13,206,monthly,2,26214.0,13,2.3
BNK-300194,Spain,Male,36,3,4795.47,577,3,True,False,33960336,False,0,0,3.33,7,annual,3,0.0,1,4.3
BNK-300195,France,Female,30,5,5989.01,655,1,False,True,26872226,False,0,1,4.44,195,annual,1,0.0,17,2.7
BNK-300196,France,Male,25,9,31285.6,655,3,False,True,30004660,False,0,0,3.83,55,annual,3,23592.0,15,2.2
BNK-300197,Spain,Female,58,1,33849.76,612,2,True,True,37905301,False,0,1,3.5,160,annual,2,0.0,19,4.4
BNK-300198,Germany,Male,69,0,3036.93,531,2,False,True,25319924,False,2,1,3.91,198,biennial,2,54375.0,16,26.1
BNK-300199,France,Male,47,5,19893.08,589,3,False,True,49172566,False,0,0,5.0,260,annual,3,0.0,10,1.5
BNK-300200,Germany,Male,48,6,807.26,649,2,False,False,28011209,False,0,0,5.0,309,biennial,2,9006.0,1,3.4
BNK-300201,Germany,Male,51,2,12796.61,538,2,True,True,21234591,False,1,2,4.34,57,annual,2,0.0,9,7.1
BNK-300202,France,Female,69,1,5582.97,537,1,False,True,35955660,False,2,2,3.72,214,monthly,1,0.0,10,15.6
BNK-300203,France,Female,18,7,19839.86,706,2,True,False,25668820,False,0,1,4.42,287,annual,2,0.0,0,5.3
BNK-300204,Germany,Male,48,6,12975.5,686,3,True,False,30833054,False,0,1,3.31,120,annual,3,0.0,3,5.8
BNK-300205,Germany,Male,67,9,7497.68,583,4,True,True,35342637,False,1,0,4.94,14,monthly,4,0.0,7,2.1
BNK-300206,France,Male,27,8,797.56,649,3,True,True,18585679,False,2,2,4.76,338,annual,3,0.0,15,0.7
BNK-300207,France,Male,50,7,0.0,645,3,True,False,75314853,False,0,1,5.0,307,monthly,3,0.0,4,13.6
BNK-300208,Germany,Male,18,0,3113.42,543,2,True,True,54519957,False,0,0,3.36,259,monthly,2,0.0,11,3.5
BNK-300209,France,Female,65,2,849.02,622,3,True,False,26501927,False,1,1,3.26,273,annual,3,0.0,3,11.7
BNK-300210,Spain,Female,55,6,6301.54,575,1,True,True,35969853,False,1,2,4.44,110,biennial,1,0.0,16,7.3
BNK-300211,France,Female,72,4,1305.29,556,1,True,True,49905898,False,0,1,3.78,290,monthly,1,0.0,13,9.6
BNK-300212,Germany,Female,35,0,9257.49,607,2,True,False,40310072,False,0,0,4.8,362,annual,2,0.0,2,11.6
BNK-300213,Spain,Male,59,5,2941.95,603,2,True,True,92960120,True,0,0,4.05,109,monthly,2,70438.0,16,8.3
BNK-300214,France,Male,61,7,5650.35,575,2,True,False,32230499,False,0,2,5.0,173,annual,2,70596.0,3,7.3
BNK-300215,Germany,Male,19,7,13090.13,746,4,True,True,65807540,False,1,1,4.05,310,annual,4,0.0,9,1.3
BNK-300216,France,Male,61,9,0.0,527,3,True,True,18632847,False,0,0,4.7,81,biennial,3,0.0,10,6.5
BNK-300217,Germany,Male,58,1,12846.09,526,3,True,True,20122626,True,1,1,2.59,252,monthly,3,62428.0,17,5.7
BNK-300218,Spain,Male,53,9,1292.04,617,3,False,True,84308336,False,1,1,4.17,11,annual,3,0.0,15,1.1
BNK-300219,Spain,Female,50,5,6242.3,577,3,True,True,29261326,False,0,1,3.96,353,biennial,3,0.0,10,1.8
BNK-300220,France,Male,63,3,1927.2,628,2,True,False,20257415,False,0,0,3.91,26,monthly,2,0.0,1,10.8
BNK-300221,Spain,Male,23,8,1790.91,613,1,True,False,35459191,False,2,1,5.0,8,monthly,1,0.0,1,24.9
BNK-300222,Spain,Male,40,1,6657.9,660,3,True,True,68322087,False,0,2,2.93,152,annual,3,32575.0,15,6.1
BNK-300223,France,Male,33,0,9761.32,589,1,True,True,24791042,False,1,1,4.0,288,monthly,1,85316.0,12,5.2
BNK-300224,Spain,Male,66,7,7365.4,552,2,False,True,35566066,False,0,0,4.04,76,annual,2,0.0,14,5.8
BNK-300225,France,Female,27,7,8728.83,581,1,True,True,14367951,False,0,1,4.51,227,monthly,1,92779.0,12,4.0
BNK-300226,Spain,Female,21,0,19270.51,609,2,True,True,28726641,False,1,3,3.12,124,annual,2,0.0,23,2.9
BNK-300227,Spain,Male,70,8,15989.3,580,1,False,False,59790361,False,0,1,3.76,361,monthly,1,72322.0,0,17.0
BNK-300228,Germany,Female,40,8,3844.88,663,2,False,True,24534335,False,1,2,3.52,173,monthly,2,0.0,14,2.1
BNK-300229,France,Female,63,7,0.0,593,3,True,False,19226546,False,0,3,2.2,162,monthly,3,0.0,0,7.4
BNK-300230,Spain,Male,31,3,7599.08,665,1,True,False,24635489,False,0,1,4.93,8,biennial,1,0.0,3,5.1
BNK-300231,France,Male,57,9,3805.7,630,1,False,True,26773274,False,1,0,2.82,102,annual,1,0.0,9,12.8
BNK-300232,France,Male,70,1,4081.78,536,3,True,True,53228909,False,0,0,2.72,7,monthly,3,36024.0,11,7.6
BNK-300233,France,Female,61,7,6972.13,653,1,False,True,43909620,False,1,1,4.76,321,annual,1,0.0,11,7.2
BNK-300234,France,Male,34,8,25007.94,672,2,True,True,48362040,False,0,0,3.73,174,monthly,2,0.0,8,1.4
BNK-300235,France,Female,52,5,4414.6,642,3,False,False,36835453,False,0,2,3.76,119,monthly,3,0.0,2,6.7
BNK-300236,France,Female,65,3,11774.04,622,2,True,False,26637340,False,0,3,3.78,90,annual,2,0.0,1,8.3
BNK-300237,Spain,Female,66,4,1291.46,571,1,True,True,24632385,False,0,2,4.86,256,monthly,1,0.0,10,7.1
BNK-300238,Spain,Male,35,0,13695.31,599,2,True,True,45078644,False,0,0,3.56,234,monthly,2,0.0,17,2.2
BNK-300239,Spain,Female,31,0,17104.89,637,4,False,True,80378454,False,1,0,4.48,121,annual,4,0.0,8,3.6
BNK-300240,Germany,Male,42,3,14051.06,512,1,True,False,22688931,False,0,2,3.09,104,biennial,1,0.0,3,19.2
BNK-300241,Germany,Female,32,0,6289.07,597,2,True,False,21829299,False,0,1,4.26,345,monthly,2,21871.0,0,15.3
BNK-300242,Germany,Male,59,6,882.91,600,1,True,True,20580229,False,1,4,4.72,22,monthly,1,85056.0,17,11.4
BNK-300243,Germany,Female,51,6,1333.63,636,4,True,False,55037167,False,1,4,5.0,192,annual,4,69020.0,3,7.2
BNK-300244,Spain,Female,45,8,776.09,614,1,True,True,35558286,False,0,0,2.76,352,annual,1,68679.0,15,5.9
BNK-300245,France,Male,64,2,28806.32,613,1,False,False,47939660,False,1,0,3.76,117,monthly,1,0.0,3,17.2
BNK-300246,Spain,Male,30,8,0.0,639,1,False,True,28170088,True,1,1,4.28,22,annual,1,0.0,9,10.0
BNK-300247,Spain,Female,65,3,16969.28,558,4,True,True,49469813,False,0,2,4.74,300,biennial,4,67606.0,14,4.2
BNK-300248,France,Male,50,5,2487.22,588,2,True,False,31450883,True,1,2,2.84,330,monthly,2,74947.0,1,11.2
BNK-300249,Spain,Female,73,8,14932.71,653,1,True,True,16773193,False,0,2,4.0,23,monthly,1,0.0,11,4.7
BNK-300250,Spain,Male,52,3,25014.19,512,1,False,True,57609866,False,0,0,4.24,138,annual,1,0.0,10,10.4
BNK-300251,France,Female,61,1,24269.98,637,3,False,True,35663654,False,0,1,3.7,35,monthly,3,0.0,9,2.3
BNK-300252,France,Female,28,8,1496.89,730,1,True,False,31096499,False,0,0,4.44,328,monthly,1,0.0,2,14.9
BNK-300253,Germany,Male,31,2,1818.64,596,2,True,True,41799740,False,0,2,4.39,305,annual,2,0.0,10,2.5
BNK-300254,Spain,Female,49,2,5268.52,633,2,True,True,17639867,False,1,2,3.11,297,annual,2,72853.0,12,3.0
BNK-300255,France,Female,31,6,1643.04,656,3,True,False,45042490,False,1,2,3.61,118,annual,3,0.0,6,7.2
BNK-300256,France,Male,20,5,3189.85,726,2,True,True,26959599,False,1,1,3.64,261,annual,2,0.0,12,1.9
BNK-300257,Germany,Male,43,0,23896.53,623,3,True,False,33588782,False,0,0,3.8,65,annual,3,0.0,2,10.2
BNK-300258,France,Male,33,9,0.0,760,1,True,True,64192834,False,0,1,4.22,54,annual,1,0.0,10,6.1
BNK-300259,France,Female,55,5,0.0,545,1,True,True,50065995,False,0,1,4.14,214,biennial,1,0.0,8,8.7
BNK-300260,France,Female,50,2,1815.35,598,1,False,False,33249972,True,0,0,2.42,353,annual,1,22410.0,6,20.7
BNK-300261,Spain,Female,47,0,32870.14,510,1,False,False,34525663,False,0,0,5.0,93,monthly,1,0.0,0,26.5
BNK-300262,France,Female,65,6,11295.1,579,2,True,True,10094190,False,0,2,4.0,171,annual,2,36372.0,13,1.6
BNK-300263,Germany,Male,21,7,5090.96,764,2,True,True,24078005,False,1,2,5.0,360,annual,2,78073.0,9,3.1
BNK-300264,Germany,Female,62,7,6616.7,631,3,False,True,39480556,False,0,1,5.0,155,monthly,3,0.0,13,4.5
BNK-300265,Spain,Male,45,6,1073.12,669,3,True,True,24783106,False,0,2,3.15,299,monthly,3,49453.0,12,1.5
BNK-300266,Spain,Female,57,8,0.0,649,1,True,True,18709444,False,1,0,3.61,250,monthly,1,0.0,13,8.8
BNK-300267,Spain,Male,64,6,9358.35,620,2,False,True,46169508,False,0,3,3.67,324,monthly,2,0.0,16,2.2
BNK-300268,Germany,Female,35,2,0.0,592,2,True,False,69788340,False,1,0,4.25,122,monthly,2,0.0,1,10.0
BNK-300269,France,Female,31,2,1043.71,591,4,False,True,25318771,False,1,1,4.58,304,monthly,4,46352.0,12,2.0
BNK-300270,France,Female,60,3,2760.65,562,1,False,True,56246840,False,0,1,4.12,300,monthly,1,0.0,9,4.6
BNK-300271,France,Female,54,7,13914.45,515,2,False,True,52177303,False,0,0,3.56,323,monthly,2,52505.0,11,3.5
BNK-300272,France,Female,28,0,0.0,604,1,True,True,22283259,False,0,0,5.0,330,annual,1,0.0,13,15.7
BNK-300273,France,Female,33,3,20000.68,634,1,True,True,25239269,False,0,1,3.65,124,annual,1,25584.0,12,8.5
BNK-300274,France,Male,66,4,16217.42,558,2,True,False,89460399,True,0,2,3.59,302,annual,2,0.0,1,12.8
BNK-300275,France,Female,49,5,29560.64,611,1,True,False,20774647,False,0,3,3.97,246,annual,1,13538.0,0,10.7
BNK-300276,Germany,Female,69,1,8238.5,575,1,False,False,26782123,True,2,0,2.95,33,monthly,1,0.0,3,24.7
BNK-300277,Spain,Male,57,0,979.93,599,3,True,True,97039604,False,0,1,4.54,331,annual,3,0.0,11,3.5
BNK-300278,France,Male,29,9,3148.45,630,1,True,True,27325220,False,1,0,5.0,263,annual,1,0.0,14,8.9
BNK-300279,France,Female,29,0,20789.47,574,1,True,False,71431588,False,0,3,4.24,250,annual,1,0.0,0,26.6
BNK-300280,Germany,Male,73,0,17837.55,570,2,True,False,21785322,True,1,0,2.61,25,annual,2,0.0,2,25.2
BNK-300281,France,Female,60,1,3246.35,591,2,True,False,38914949,False,0,0,5.0,363,monthly,2,57371.0,0,12.7
BNK-300282,Spain,Female,51,3,75.4,651,2,False,True,62502398,False,1,2,4.4,353,annual,2,0.0,12,2.6
BNK-300283,France,Female,56,2,17089.16,634,4,True,True,28746379,False,1,0,4.14,316,annual,4,0.0,14,1.3
BNK-300284,France,Male,41,8,4734.35,749,1,True,False,38172405,False,0,1,4.82,123,monthly,1,11783.0,1,14.2
BNK-300285,Germany,Female,35,1,13017.38,593,1,True,True,52691959,True,1,0,3.26,26,monthly,1,0.0,15,8.7
BNK-300286,France,Male,64,1,17312.49,625,1,False,True,23132722,False,1,4,5.0,271,monthly,1,0.0,13,6.6
BNK-300287,Germany,Female,69,1,19912.68,517,2,False,True,111321479,False,0,1,4.0,183,monthly,2,0.0,13,21.6
BNK-300288,France,Female,69,6,2129.16,690,1,True,True,61014219,False,1,0,4.92,93,biennial,1,81875.0,19,7.1
BNK-300289,France,Female,62,8,7143.84,639,3,True,True,30374505,False,1,3,4.35,101,annual,3,0.0,12,2.5
BNK-300290,France,Female,67,1,10441.34,579,2,True,False,32292445,False,1,0,4.35,246,monthly,2,0.0,2,8.4
BNK-300291,Spain,Male,47,5,0.0,659,2,False,True,94453258,False,1,0,3.71,319,monthly,2,0.0,15,4.3
BNK-300292,France,Female,35,3,11930.22,567,3,True,True,30412005,False,0,2,3.71,211,annual,3,0.0,7,2.8
BNK-300293,France,Male,22,6,956.73,622,3,False,False,28679009,False,0,2,4.4,342,annual,3,0.0,2,4.2
BNK-300294,Germany,Female,35,6,1714.96,650,2,True,True,64413769,False,1,0,3.31,206,annual,2,0.0,14,4.0
BNK-300295,Germany,Female,43,2,0.0,615,2,False,True,18028717,False,0,0,3.54,207,monthly,2,12662.0,10,7.8
BNK-300296,France,Female,22,6,19665.09,748,1,True,True,34920660,False,0,2,4.01,132,biennial,1,92506.0,9,4.9
BNK-300297,Spain,Female,36,0,1575.95,558,2,False,True,37876253,False,0,0,4.99,22,monthly,2,0.0,14,2.1
BNK-300298,Germany,Female,70,4,20001.25,638,1,True,False,25543627,False,0,0,4.06,94,monthly,1,73087.0,5,16.0
BNK-300299,Spain,Male,32,9,3334.45,663,2,False,True,16600706,False,0,0,4.05,127,monthly,2,0.0,16,4.0
BNK-300300,France,Female,40,8,0.0,642,3,False,False,37592138,False,2,2,3.15,226,annual,3,0.0,3,7.1
BNK-300301,Germany,Female,54,0,14187.28,562,2,True,False,51230502,False,0,1,5.0,69,annual,2,0.0,5,15.8
BNK-300302,France,Female,68,0,11818.12,535,1,False,True,25860507,False,1,2,4.89,186,monthly,1,0.0,15,12.2
BNK-300303,France,Male,70,8,5773.97,628,1,True,True,20132614,False,0,0,4.98,193,annual,1,0.0,9,6.2
BNK-300304,France,Female,64,2,1712.33,554,3,False,True,68052903,False,0,2,2.84,186,biennial,3,0.0,7,4.7
BNK-300305,France,Male,26,6,4989.29,602,1,True,False,47290463,False,0,0,4.28,359,monthly,1,0.0,4,23.0
BNK-300306,Spain,Female,24,5,7156.91,643,2,True,True,30305925,False,0,2,3.25,69,monthly,2,97407.0,16,3.0
BNK-300307,Spain,Female,60,4,263.03,610,3,True,False,57551028,False,0,0,4.62,125,monthly,3,0.0,3,8.3
BNK-300308,France,Male,68,3,6275.55,515,1,False,False,40981247,False,1,0,4.26,134,monthly,1,0.0,1,28.2
BNK-300309,France,Male,53,7,19209.51,649,2,True,True,88841350,False,0,1,4.42,268,biennial,2,0.0,14,2.1
BNK-300310,France,Male,70,2,18073.14,608,1,False,True,50619124,False,0,0,3.43,241,monthly,1,0.0,15,5.2
BNK-300311,Germany,Female,56,7,14844.93,681,2,True,True,18125359,False,1,0,3.17,303,monthly,2,0.0,12,2.3
BNK-300312,France,Male,38,2,4056.69,622,1,True,True,26124540,False,0,1,3.49,194,monthly,1,0.0,11,8.9
BNK-300313,Spain,Female,66,8,100.44,542,1,False,True,26756892,False,1,2,4.25,303,monthly,1,0.0,14,9.4
BNK-300314,France,Male,61,7,737.32,640,1,False,False,42394759,False,0,0,3.81,11,monthly,1,0.0,1,21.3
BNK-300315,Germany,Male,39,5,19167.37,670,3,True,True,31202558,False,0,0,4.2,55,biennial,3,0.0,8,2.2
BNK-300316,Spain,Male,51,0,0.0,545,2,True,True,20668302,False,0,0,3.18,222,monthly,2,0.0,16,8.6
BNK-300317,France,Female,51,2,8731.73,586,3,False,True,48755338,False,0,4,3.99,87,monthly,3,56867.0,13,2.1
BNK-300318,Spain,Female,23,6,964.21,682,2,True,True,59877650,False,1,2,5.0,107,monthly,2,17982.0,13,2.6
BNK-300319,Spain,Female,33,5,680.99,711,3,False,True,34497177,False,0,2,4.27,82,biennial,3,0.0,12,1.0
BNK-300320,Germany,Female,30,1,3063.24,602,2,True,False,40325093,False,1,1,4.32,51,biennial,2,0.0,3,20.9
BNK-300321,France,Male,34,0,5721.17,634,1,False,True,22386685,True,1,0,3.32,109,biennial,1,0.0,17,7.0
BNK-300322,Germany,Female,47,6,3419.54,640,2,True,True,27965624,False,0,2,3.59,334,monthly,2,0.0,12,3.2
BNK-300323,France,Male,47,3,426.97,611,1,True,True,28543471,False,0,1,5.0,18,annual,1,0.0,5,3.6
BNK-300324,Spain,Male,66,4,8256.56,636,3,False,True,48016177,False,2,1,4.29,362,annual,3,0.0,13,2.3
BNK-300325,Germany,Female,18,6,2695.42,637,3,True,True,41275038,False,1,0,4.14,197,monthly,3,71344.0,12,1.7
BNK-300326,Spain,Female,64,8,9583.05,627,1,False,False,30796425,False,1,1,4.55,281,annual,1,77139.0,2,18.9
BNK-300327,Germany,Male,32,2,3989.08,619,3,True,False,30191292,False,0,3,4.75,270,annual,3,0.0,1,7.9
BNK-300328,France,Male,38,6,1631.94,580,1,True,True,13576435,False,0,1,3.0,23,annual,1,0.0,12,6.2
BNK-300329,Germany,Female,26,8,38094.31,724,2,False,False,81059375,False,0,3,4.05,95,monthly,2,0.0,2,12.7
BNK-300330,Spain,Male,18,9,6787.83,728,3,True,False,12800981,False,0,0,5.0,317,monthly,3,85971.0,3,4.7
BNK-300331,France,Male,24,9,9783.19,687,1,False,False,44843783,False,0,1,5.0,233,annual,1,0.0,3,10.8
BNK-300332,France,Female,30,0,0.0,594,1,True,True,37006722,False,0,1,3.91,136,monthly,1,18803.0,13,15.2
BNK-300333,Spain,Female,39,0,5164.13,591,3,True,False,31798006,False,1,1,4.58,199,monthly,3,0.0,2,9.7
BNK-300334,France,Female,35,8,7479.95,689,1,True,True,36167047,True,0,1,2.74,157,annual,1,67797.0,8,6.1
BNK-300335,Spain,Male,23,2,17337.86,633,2,True,True,26069165,False,1,0,4.28,37,monthly,2,70228.0,11,1.4
BNK-300336,France,Male,37,2,2618.45,583,3,True,False,50332571,False,0,4,3.63,341,monthly,3,0.0,4,6.3
BNK-300337,Spain,Male,26,4,2149.78,622,1,True,False,18830177,False,2,3,3.62,88,monthly,1,19218.0,6,8.8
BNK-300338,Germany,Male,56,6,5071.11,613,1,True,False,42783480,False,0,1,3.53,315,monthly,1,0.0,3,28.6
BNK-300339,France,Female,56,0,43965.18,528,4,False,True,25877219,False,0,0,5.0,88,monthly,4,0.0,5,8.5
BNK-300340,France,Male,21,6,8069.22,679,2,True,False,29334982,False,0,1,3.62,221,annual,2,0.0,2,5.9
BNK-300341,France,Male,55,0,634.06,535,2,True,True,29734004,False,0,1,4.91,178,annual,2,53342.0,13,2.0
BNK-300342,Germany,Female,69,3,21965.79,532,1,True,True,33433786,True,0,3,2.65,322,monthly,1,0.0,17,6.6
BNK-300343,France,Female,71,9,0.0,743,4,True,True,46680261,False,2,1,3.56,229,annual,4,61716.0,9,3.8
BNK-300344,France,Female,21,1,17646.37,704,1,False,True,35671319,False,1,0,4.31,217,monthly,1,0.0,10,3.1
BNK-300345,Germany,Male,70,0,193.58,550,1,False,True,57900988,False,0,1,2.96,110,monthly,1,0.0,13,24.4
BNK-300346,Spain,Female,41,4,4035.59,654,1,True,True,61233416,False,1,0,4.53,316,annual,1,0.0,10,7.3
BNK-300347,France,Female,67,2,9912.37,606,2,False,True,42377971,False,1,1,3.89,47,biennial,2,0.0,10,5.4
BNK-300348,Germany,Female,29,2,6177.14,619,1,True,True,51087499,False,0,2,3.56,185,monthly,1,0.0,17,6.6
BNK-300349,Spain,Female,57,4,13494.01,607,1,True,True,99953998,False,0,0,3.39,98,annual,1,0.0,13,9.6
BNK-300350,Germany,Male,63,1,33127.78,553,2,True,True,17913959,False,0,2,5.0,167,monthly,2,0.0,7,10.0
BNK-300351,Spain,Female,33,0,22145.27,650,2,True,True,62197385,False,0,1,3.97,15,annual,2,0.0,14,2.2
BNK-300352,Germany,Male,60,9,3794.3,682,1,False,True,78623279,False,2,0,3.94,252,annual,1,0.0,7,11.8
BNK-300353,Germany,Female,28,8,8869.59,734,2,True,True,45108926,False,0,1,4.7,273,annual,2,0.0,9,4.0
BNK-300354,Spain,Male,58,4,3453.26,605,1,False,True,94091491,False,0,2,3.33,255,annual,1,0.0,10,10.6
BNK-300355,France,Male,72,8,0.0,692,1,False,True,88157278,True,0,1,3.91,255,annual,1,95450.0,15,8.9
BNK-300356,Germany,Male,35,9,4289.51,666,1,True,True,30683581,False,0,1,3.97,14,biennial,1,0.0,7,8.6
BNK-300357,Germany,Male,72,3,905.81,647,4,False,True,31881421,False,0,3,2.89,245,monthly,4,0.0,15,5.2
BNK-300358,France,Female,56,1,642.36,555,2,False,True,47349126,False,0,1,3.58,120,biennial,2,54444.0,17,10.7
BNK-300359,France,Male,46,2,11172.42,545,1,False,True,26580758,False,0,1,3.12,225,annual,1,0.0,13,9.5
BNK-300360,Spain,Female,36,9,11602.04,749,1,False,True,140872488,False,0,2,4.06,235,monthly,1,0.0,12,2.2
BNK-300361,France,Male,49,8,1514.68,666,1,False,False,53874776,False,3,0,3.37,109,annual,1,0.0,3,14.1
BNK-300362,France,Male,74,6,1442.01,607,2,True,True,37170438,False,0,3,3.28,49,biennial,2,0.0,6,4.5
BNK-300363,France,Male,18,6,13262.41,656,2,True,True,17941994,False,0,3,4.23,43,annual,2,0.0,15,3.2
BNK-300364,France,Female,67,3,2334.71,539,1,False,False,41190352,False,1,1,4.04,163,monthly,1,5140.0,4,26.1
BNK-300365,Germany,Female,26,5,3937.21,620,3,False,False,20073890,False,1,1,4.97,219,monthly,3,69101.0,4,10.6
BNK-300366,France,Male,67,3,9644.7,579,1,False,False,53101406,False,2,3,4.93,3,monthly,1,54740.0,2,11.1
BNK-300367,France,Male,49,3,2810.67,594,1,False,False,10393146,False,0,0,4.05,267,monthly,1,0.0,4,17.3
BNK-300368,France,Male,69,7,203.11,524,1,True,True,72537749,False,0,1,4.4,91,monthly,1,0.0,18,11.7
BNK-300369,Spain,Male,28,5,8198.96,715,1,True,True,29375830,False,0,0,2.87,296,annual,1,0.0,13,6.1
BNK-300370,Spain,Male,20,4,1551.34,635,3,True,True,15586174,False,0,1,4.56,255,monthly,3,0.0,11,3.0
BNK-300371,France,Female,45,2,6996.63,648,2,True,True,36019107,False,0,1,4.33,265,monthly,2,0.0,11,1.5
BNK-300372,France,Male,62,6,0.0,576,3,True,False,36622258,False,0,1,4.76,76,monthly,3,53650.0,2,19.2
BNK-300373,France,Female,63,4,0.0,593,1,True,True,35166216,False,1,2,3.76,240,monthly,1,49619.0,13,17.4
BNK-300374,France,Female,61,0,12671.79,597,1,False,True,72392891,False,1,1,3.76,247,annual,1,0.0,11,13.4
BNK-300375,Germany,Female,63,6,7584.58,636,1,False,True,43933813,False,1,0,3.77,301,monthly,1,0.0,11,7.2
BNK-300376,Germany,Female,62,3,331.13,570,2,True,False,54070511,False,0,2,5.0,207,biennial,2,0.0,4,13.6
BNK-300377,Germany,Female,67,4,12253.47,601,1,True,True,32068747,False,1,2,4.23,278,annual,1,0.0,13,12.0
BNK-300378,Spain,Female,27,9,9746.86,708,1,True,True,44958697,False,1,2,2.8,169,annual,1,0.0,11,5.1
BNK-300379,Spain,Male,31,6,3376.72,645,4,True,True,18878066,False,0,2,4.52,344,monthly,4,0.0,17,1.3
BNK-300380,France,Female,18,0,0.0,578,2,True,True,41317913,False,0,2,3.63,259,annual,2,0.0,12,9.1
BNK-300381,Germany,Female,42,7,15511.41,618,1,True,True,24857023,False,0,1,4.87,3,annual,1,0.0,10,6.3
BNK-300382,France,Male,32,2,21364.39,602,3,True,True,70250189,False,0,1,4.43,288,biennial,3,0.0,14,2.9
BNK-300383,Germany,Male,53,7,2423.46,627,1,True,False,37712715,False,0,0,4.99,54,annual,1,0.0,3,29.2
BNK-300384,France,Female,49,3,17597.34,664,3,True,True,50586205,False,1,3,4.83,25,biennial,3,0.0,19,1.1
BNK-300385,France,Female,51,5,12051.57,649,4,False,False,41405181,False,0,3,4.75,212,biennial,4,92247.0,2,4.3
BNK-300386,France,Female,55,6,5600.19,582,1,False,True,89603596,False,0,0,4.91,180,biennial,1,0.0,13,8.6
BNK-300387,France,Female,74,1,8905.03,620,4,True,True,16644227,False,0,0,4.65,146,annual,4,0.0,11,5.0
BNK-300388,France,Male,24,1,11829.76,618,1,True,True,34306893,False,0,2,3.44,152,monthly,1,0.0,13,5.8
BNK-300389,Germany,Female,33,7,1244.41,683,1,True,True,22470451,False,0,1,3.09,124,annual,1,0.0,15,8.6
BNK-300390,France,Male,41,0,6731.75,550,2,False,True,13032266,True,1,0,2.34,335,biennial,2,0.0,8,3.9
BNK-300391,Spain,Female,22,8,13010.58,662,2,False,True,21752531,False,0,2,4.58,272,biennial,2,0.0,7,2.2
BNK-300392,France,Female,64,4,1911.73,627,1,True,True,65252382,False,2,1,2.22,289,biennial,1,0.0,10,5.4
BNK-300393,Spain,Male,40,0,2242.41,554,1,True,True,35771699,False,1,4,3.99,195,monthly,1,44404.0,14,14.6
BNK-300394,France,Female,27,7,0.0,667,1,True,True,32536390,True,1,0,2.79,272,annual,1,0.0,8,6.7
BNK-300395,France,Male,47,8,0.0,662,1,False,True,53463293,True,0,2,3.98,192,monthly,1,76750.0,19,11.0
BNK-300396,France,Male,28,0,2803.85,567,1,False,True,38473163,False,0,4,3.91,331,annual,1,0.0,9,9.9
BNK-300397,France,Female,40,9,9718.04,590,1,False,True,49348694,False,0,1,3.71,19,monthly,1,0.0,8,4.9
BNK-300398,France,Female,54,4,27039.44,637,4,False,False,42677283,False,0,1,5.0,289,monthly,4,85912.0,0,5.1
BNK-300399,Germany,Female,36,6,27930.12,758,3,True,True,47636333,False,0,2,3.93,168,monthly,3,0.0,10,1.1
BNK-300400,France,Male,65,2,1690.21,586,4,False,True,29003052,False,1,1,3.8,118,monthly,4,30168.0,12,5.5
BNK-300401,France,Male,32,1,24852.18,636,1,True,True,61300526,False,1,1,3.61,222,monthly,1,0.0,9,9.8
BNK-300402,France,Female,24,9,5326.07,650,1,True,True,19809837,False,1,3,4.23,334,annual,1,57836.0,16,4.1
BNK-300403,Germany,Male,42,6,3563.23,693,2,False,True,34787386,False,0,2,3.73,102,monthly,2,0.0,12,2.2
BNK-300404,France,Female,28,2,3637.72,608,2,True,True,62847142,False,0,0,3.74,175,annual,2,0.0,13,2.4
BNK-300405,France,Male,57,3,2088.5,635,2,False,True,33623077,False,0,1,5.0,87,monthly,2,0.0,18,4.8
BNK-300406,France,Male,47,7,16468.61,659,1,True,True,29277460,False,0,0,4.04,298,monthly,1,0.0,6,3.5
BNK-300407,Germany,Female,26,3,2890.13,660,3,False,False,114030407,False,0,3,3.64,201,monthly,3,0.0,1,4.8
BNK-300408,Germany,Male,37,6,4087.24,666,2,True,True,73813425,False,0,0,3.2,107,monthly,2,0.0,11,2.7
BNK-300409,France,Male,67,0,796.93,571,1,False,True,38980486,True,0,1,3.16,332,annual,1,0.0,12,24.8
BNK-300410,Germany,Female,64,9,663.39,637,2,True,False,22354014,False,1,0,3.55,83,annual,2,0.0,2,15.5
BNK-300411,France,Female,54,7,14422.13,663,1,True,True,13127408,False,0,4,3.71,43,annual,1,0.0,13,8.9
BNK-300412,France,Female,69,3,0.0,541,1,False,True,51757822,False,0,2,3.32,94,annual,1,35625.0,14,14.9
BNK-300413,Germany,Female,24,5,5470.75,644,4,True,True,68386743,False,0,0,4.16,113,annual,4,0.0,16,3.8
BNK-300414,Spain,Female,59,1,0.0,628,2,True,False,44262157,False,0,0,2.96,95,annual,2,0.0,2,31.8
BNK-300415,France,Male,19,4,434.34,660,1,False,True,15438967,False,0,2,4.33,22,annual,1,0.0,9,6.5
BNK-300416,Germany,Male,52,3,22217.36,582,1,False,False,39346393,True,0,3,2.56,360,monthly,1,0.0,0,24.2
BNK-300417,France,Female,20,3,0.0,685,1,True,False,28469102,False,1,3,4.57,119,biennial,1,0.0,3,14.8
BNK-300418,Germany,Male,37,8,3787.93,691,3,True,True,39372711,False,0,0,4.39,350,monthly,3,0.0,12,3.9
BNK-300419,Germany,Female,23,4,10359.5,595,3,False,True,95962601,False,0,2,4.08,253,biennial,3,0.0,17,2.2
BNK-300420,Spain,Male,32,0,7367.88,631,2,True,True,53890032,False,0,0,4.68,292,biennial,2,0.0,11,5.0
BNK-300421,France,Female,54,4,1611.62,606,4,True,True,48437874,False,0,0,5.0,116,monthly,4,0.0,6,2.3
BNK-300422,France,Female,62,0,14493.92,585,1,True,True,35501413,False,1,1,5.0,239,biennial,1,0.0,8,9.0
BNK-300423,France,Female,71,4,0.0,575,3,True,True,44678036,False,0,0,2.95,146,monthly,3,0.0,16,4.5
BNK-300424,France,Female,74,6,9358.05,605,2,False,True,25298260,False,0,1,3.52,133,annual,2,0.0,12,3.8
BNK-300425,France,Male,25,0,2671.97,539,3,True,False,47928611,False,1,2,3.61,341,annual,3,12833.0,3,9.2
BNK-300426,Germany,Male,70,0,11213.33,509,3,True,True,32968761,False,1,1,4.51,313,annual,3,39032.0,12,7.7
BNK-300427,Germany,Female,34,3,9592.87,652,2,True,True,24073626,False,0,0,3.58,127,monthly,2,0.0,11,5.1
BNK-300428,Germany,Female,68,4,44967.9,684,1,False,False,54584262,False,0,1,3.55,2,monthly,1,0.0,4,16.2
BNK-300429,Germany,Female,67,0,9066.99,564,1,True,True,11899158,False,0,3,3.41,197,monthly,1,34435.0,11,12.8
BNK-300430,France,Male,70,3,2036.34,541,1,False,False,27658486,False,1,0,4.24,350,monthly,1,70812.0,1,18.4
BNK-300431,France,Male,46,7,335.55,642,1,False,False,49348379,False,0,2,4.51,340,monthly,1,0.0,2,16.7
BNK-300432,France,Female,60,5,8008.16,564,1,False,True,66989578,False,2,1,3.03,173,monthly,1,0.0,12,12.2
BNK-300433,Spain,Female,42,5,12172.18,676,2,False,False,45974929,False,0,1,3.59,186,annual,2,32688.0,1,6.6
BNK-300434,France,Male,22,1,14262.97,626,1,True,False,25950770,False,0,1,2.48,314,annual,1,0.0,2,28.9
BNK-300435,France,Female,44,7,3988.32,682,3,False,True,35402362,False,1,1,2.09,62,monthly,3,51980.0,7,1.6
BNK-300436,France,Male,29,5,0.0,640,1,True,True,42008921,True,0,1,3.39,100,monthly,1,67364.0,16,6.9
BNK-300437,Germany,Female,23,4,7180.67,693,1,True,True,79242433,False,0,0,4.25,53,biennial,1,0.0,22,4.3
BNK-300438,Spain,Female,25,6,5346.96,595,1,True,False,57543646,False,1,0,4.14,215,annual,1,0.0,1,9.2
BNK-300439,Spain,Female,30,1,20134.21,613,4,False,True,57754974,False,0,2,5.0,328,monthly,4,0.0,15,2.9
BNK-300440,France,Male,63,6,31819.29,625,1,True,True,37523011,False,1,1,2.66,114,monthly,1,97938.0,15,10.5
BNK-300441,Germany,Female,72,2,3603.61,547,1,False,False,21258388,False,0,0,2.34,323,monthly,1,0.0,0,29.5
BNK-300442,France,Female,66,0,15685.4,565,1,True,False,17979353,False,0,2,3.1,186,monthly,1,99949.0,4,33.1
BNK-300443,Spain,Male,54,2,23661.6,598,1,False,True,31237264,False,1,3,2.3,92,annual,1,0.0,7,3.9
BNK-300444,France,Female,68,3,0.0,613,4,True,True,51519483,False,1,0,3.51,350,monthly,4,0.0,20,10.9
BNK-300445,France,Female,34,4,1815.96,655,2,False,False,28255883,False,0,1,4.47,227,monthly,2,0.0,2,4.0
BNK-300446,France,Female,69,2,3805.0,578,1,True,False,48343513,True,0,2,3.24,199,annual,1,0.0,3,21.5
BNK-300447,France,Male,71,7,8335.19,634,1,True,True,24407782,False,0,1,4.82,61,annual,1,50024.0,12,11.1
BNK-300448,Spain,Male,26,2,24341.87,572,1,True,True,26364918,False,0,0,4.3,202,monthly,1,0.0,8,6.2
BNK-300449,France,Male,40,1,947.14,567,2,True,True,73423913,False,1,0,3.68,85,annual,2,0.0,13,3.4
BNK-300450,Spain,Male,33,2,15109.9,561,1,True,True,53286384,False,0,0,3.58,154,biennial,1,0.0,11,8.5
BNK-300451,France,Female,26,4,2292.01,664,2,True,False,31155798,True,0,0,3.35,336,biennial,2,68013.0,2,3.2
BNK-300452,France,Female,27,0,14969.15,626,1,False,True,23973982,False,0,2,2.78,363,monthly,1,95540.0,13,17.2
BNK-300453,Germany,Female,73,0,13363.53,595,1,True,True,58364170,False,1,0,1.46,147,monthly,1,0.0,13,20.2
BNK-300454,Germany,Female,28,1,5187.58,630,2,False,True,56287632,False,2,1,4.31,117,annual,2,0.0,16,4.9
BNK-300455,Spain,Female,55,3,14293.96,566,2,True,True,49991019,False,1,0,4.19,76,biennial,2,0.0,7,1.5
BNK-300456,Germany,Male,67,9,6037.29,626,2,True,True,33225926,False,0,2,5.0,77,annual,2,0.0,2,2.9
BNK-300457,Germany,Female,60,5,5908.91,524,3,True,True,21008962,False,0,1,4.56,191,biennial,3,0.0,12,4.2
BNK-300458,France,Female,43,0,5600.5,569,3,False,True,36047112,False,2,1,4.25,352,annual,3,75797.0,14,7.1
BNK-300459,Spain,Female,19,0,1183.01,527,3,True,True,73408861,False,0,2,3.75,310,monthly,3,0.0,6,4.2
BNK-300460,Germany,Male,41,1,4623.55,609,1,True,False,23051372,False,0,1,3.35,106,monthly,1,47491.0,1,31.4
BNK-300461,Germany,Female,34,0,1657.02,587,3,True,True,37187454,False,0,1,3.78,304,biennial,3,0.0,11,5.2
BNK-300462,Spain,Female,67,5,8500.98,584,2,False,True,82281045,False,1,1,4.76,172,monthly,2,0.0,11,9.0
BNK-300463,France,Female,71,7,6418.84,562,2,True,True,31190959,False,0,0,4.37,241,annual,2,20124.0,14,3.3
BNK-300464,Spain,Male,31,4,5206.54,608,2,True,False,34072946,False,0,1,4.75,93,monthly,2,0.0,1,11.0
BNK-300465,Germany,Female,26,4,14553.18,670,1,True,True,18486551,False,0,1,4.09,297,monthly,1,0.0,12,5.5
BNK-300466,Spain,Male,64,5,34573.32,536,2,True,True,49592769,False,2,1,3.28,170,annual,2,24291.0,17,3.2
BNK-300467,Germany,Female,67,3,2189.01,593,3,False,True,25076866,False,0,3,4.93,284,monthly,3,0.0,13,3.5
BNK-300468,France,Male,74,8,11505.66,570,4,False,True,16692224,False,0,1,4.86,91,biennial,4,0.0,19,2.8
BNK-300469,Spain,Male,61,6,3308.06,539,1,True,False,22543920,False,2,1,4.15,351,monthly,1,0.0,0,26.5
BNK-300470,Germany,Female,44,9,29326.03,705,4,True,True,40304689,False,0,1,4.44,154,annual,4,97741.0,12,0.7
BNK-300471,France,Female,39,0,0.0,644,1,True,True,16480736,False,1,3,4.4,239,monthly,1,0.0,10,14.8
BNK-300472,Germany,Male,21,4,416.27,628,4,True,False,18162101,False,1,1,3.63,195,monthly,4,0.0,1,4.7
BNK-300473,Germany,Male,68,8,3021.62,590,2,False,True,48032929,True,1,2,2.79,218,monthly,2,18344.0,10,3.7
BNK-300474,Spain,Female,74,6,1382.36,576,2,True,True,35024666,False,0,2,3.27,94,monthly,2,97555.0,7,2.3
BNK-300475,Spain,Male,70,7,12426.33,568,2,False,True,22994384,False,0,1,3.79,330,annual,2,42609.0,17,3.3
BNK-300476,France,Male,50,4,13768.01,581,4,True,True,30926427,False,0,1,4.82,76,monthly,4,0.0,9,1.5
BNK-300477,France,Female,67,3,19821.37,591,1,True,True,86602615,False,0,0,4.67,132,monthly,1,0.0,9,7.3
BNK-300478,France,Male,18,7,12064.71,761,1,True,False,68931316,False,0,1,4.45,157,biennial,1,0.0,3,5.4
BNK-300479,Germany,Male,41,4,4164.87,606,3,False,True,34416220,False,3,2,4.77,180,annual,3,66442.0,15,2.5
BNK-300480,Spain,Female,24,4,424.99,686,1,True,False,54616490,False,0,2,3.71,83,biennial,1,0.0,1,8.9
BNK-300481,Germany,Female,51,3,16659.0,611,2,False,True,38580473,False,1,2,3.06,313,annual,2,0.0,9,1.7
BNK-300482,Spain,Female,18,1,220.01,564,2,True,False,14956524,False,1,1,3.87,225,annual,2,44658.0,1,9.7
BNK-300483,Germany,Male,35,7,13159.38,652,3,True,True,13676332,False,0,0,3.94,357,monthly,3,0.0,7,1.6
BNK-300484,Germany,Male,41,8,0.0,646,3,True,False,23047985,True,1,1,3.54,128,biennial,3,0.0,1,9.1
BNK-300485,Spain,Female,25,0,28248.58,671,1,True,True,16516636,False,0,2,4.41,154,monthly,1,0.0,15,6.9
BNK-300486,France,Female,22,4,2751.02,709,2,False,True,41597004,False,0,0,4.81,208,annual,2,41568.0,15,1.0
BNK-300487,France,Male,69,6,0.0,609,2,True,False,27585077,False,0,2,2.39,215,monthly,2,17668.0,2,10.2
BNK-300488,France,Male,33,1,8525.96,657,2,False,True,44921173,False,1,0,3.36,63,monthly,2,0.0,10,1.9
BNK-300489,France,Male,73,3,1351.4,558,1,True,True,45267654,False,1,1,3.93,305,annual,1,0.0,12,13.7
BNK-300490,Germany,Male,39,9,2860.43,708,1,False,True,51277828,False,0,1,4.38,363,monthly,1,0.0,8,9.5
BNK-300491,France,Male,21,7,91.95,678,2,True,True,22803961,False,0,0,5.0,189,monthly,2,32088.0,6,3.5
BNK-300492,France,Female,23,8,0.0,723,1,True,True,46996850,False,0,1,3.22,138,annual,1,0.0,16,5.5
BNK-300493,France,Male,57,9,6008.75,684,2,True,True,22522471,False,0,4,3.43,148,annual,2,0.0,13,4.8
BNK-300494,France,Male,18,6,8217.45,699,1,False,True,51827178,False,1,0,3.66,23,biennial,1,13381.0,9,5.3
BNK-300495,France,Female,72,2,0.0,528,4,True,True,66924947,False,0,0,3.4,24,annual,4,0.0,8,3.7
BNK-300496,Spain,Female,32,9,17266.19,657,3,False,True,52134218,False,1,4,3.29,137,monthly,3,0.0,12,1.2
BNK-300497,Germany,Female,52,4,0.0,634,2,True,True,33238404,False,0,4,4.04,78,annual,2,0.0,11,4.5
BNK-300498,Spain,Male,43,5,10918.64,661,3,True,True,48213007,False,1,1,4.79,108,monthly,3,92665.0,5,1.6
BNK-300499,France,Female,20,5,8025.95,666,4,True,False,16871229,False,0,1,4.1,121,monthly,4,79207.0,1,4.7
BNK-300500,France,Male,58,5,9283.52,590,3,True,True,15072802,False,0,2,3.31,66,biennial,3,0.0,11,2.7
BNK-300501,Germany,Female,18,5,4374.77,670,2,True,True,45862269,False,0,0,3.84,147,annual,2,0.0,12,2.4
BNK-300502,France,Female,63,7,3057.15,600,1,True,True,69833368,False,0,1,3.17,14,monthly,1,0.0,18,13.5
BNK-300503,France,Female,46,1,7257.25,578,3,True,True,19619429,False,1,2,4.79,283,monthly,3,0.0,7,3.3
BNK-300504,Germany,Male,35,4,692.87,707,2,False,True,36592270,False,1,1,5.0,253,biennial,2,0.0,7,2.3
BNK-300505,Spain,Male,71,5,5150.46,564,2,False,False,45226197,False,0,2,2.72,61,monthly,2,0.0,1,9.1
BNK-300506,Spain,Female,29,5,3743.88,666,2,True,False,26708151,False,0,0,4.18,60,monthly,2,36009.0,3,5.2
BNK-300507,France,Male,33,7,4913.8,662,1,True,True,30647569,False,0,1,3.38,27,monthly,1,0.0,9,2.9
BNK-300508,Germany,Male,54,3,12919.97,543,3,True,True,49346476,False,0,2,4.05,68,monthly,3,0.0,17,1.9
BNK-300509,France,Male,37,9,22009.79,616,3,False,True,38334027,False,1,1,3.93,214,monthly,3,0.0,10,4.5
BNK-300510,Spain,Male,45,0,4736.28,579,1,True,False,38417894,False,0,1,2.93,28,annual,1,0.0,3,14.1
BNK-300511,Spain,Male,63,7,10684.73,533,1,False,True,22222283,False,0,2,4.97,3,monthly,1,0.0,13,10.7
BNK-300512,Germany,Female,70,1,0.0,626,4,False,True,35754282,False,1,4,3.88,208,monthly,4,46277.0,12,10.6
BNK-300513,France,Male,63,6,5064.05,589,1,True,False,29763656,True,0,3,2.62,339,monthly,1,0.0,4,27.5
BNK-300514,Spain,Male,22,0,1536.26,599,2,True,True,30571059,False,0,0,4.09,171,monthly,2,0.0,10,5.0
BNK-300515,Germany,Male,71,2,4402.65,608,2,True,True,27703055,False,1,1,3.3,94,monthly,2,0.0,11,9.4
BNK-300516,Spain,Male,41,3,4534.42,606,2,True,True,35823519,False,0,2,3.85,303,monthly,2,90156.0,14,2.6
BNK-300517,Germany,Female,65,0,6050.65,578,1,True,True,23525991,False,1,2,2.53,304,monthly,1,0.0,10,28.8
BNK-300518,Spain,Male,34,3,11368.87,600,1,True,True,36535691,False,0,0,2.11,305,monthly,1,63748.0,13,8.4
BNK-300519,France,Male,51,6,1196.36,623,2,True,True,30257041,False,1,3,3.22,139,biennial,2,0.0,15,4.1
BNK-300520,Germany,Male,72,1,17120.12,588,1,False,False,22787175,False,2,0,3.57,15,monthly,1,0.0,2,38.7
BNK-300521,France,Female,71,6,16045.19,557,3,False,True,13707583,False,0,2,2.59,364,annual,3,0.0,8,3.4
BNK-300522,Germany,Male,55,4,2688.22,620,4,False,False,58321902,False,0,1,3.6,326,biennial,4,0.0,1,5.2
BNK-300523,Spain,Female,53,8,26301.0,537,3,True,True,52741341,False,0,1,3.57,183,monthly,3,56555.0,9,2.2
BNK-300524,Germany,Female,19,6,19612.15,720,1,True,True,24283999,False,0,0,3.95,286,monthly,1,0.0,9,6.2
BNK-300525,Germany,Male,52,4,0.0,581,2,True,True,51063949,False,1,0,4.49,351,monthly,2,0.0,13,2.5
BNK-300526,France,Female,41,8,41223.47,649,1,False,True,21755162,False,0,2,5.0,22,biennial,1,10731.0,12,4.8
BNK-300527,France,Female,18,1,1376.81,627,2,True,True,31145824,False,0,3,4.34,171,annual,2,75413.0,8,5.7
BNK-300528,Germany,Male,71,5,8831.72,544,1,False,False,27857572,False,0,1,3.21,314,monthly,1,0.0,2,18.2
BNK-300529,France,Male,43,2,6941.33,559,3,True,True,31609233,False,0,1,4.53,260,monthly,3,0.0,10,1.3
BNK-300530,France,Female,61,4,25198.72,611,2,True,True,50165859,False,1,1,5.0,41,monthly,2,0.0,11,5.4
BNK-300531,Germany,Male,20,4,2138.59,674,1,True,True,29704771,False,0,0,3.1,24,annual,1,0.0,17,10.5
BNK-300532,Germany,Male,31,5,9130.64,608,1,False,False,30643636,False,0,2,3.15,119,annual,1,0.0,1,14.6
BNK-300533,France,Male,69,3,839.29,592,2,False,True,52660115,False,0,2,2.86,162,monthly,2,0.0,11,3.9
BNK-300534,France,Female,71,6,56.74,613,3,True,False,37453446,False,0,1,3.55,46,monthly,3,63527.0,1,6.5
BNK-300535,France,Male,18,1,10787.72,615,1,True,True,27013878,False,0,1,4.3,99,annual,1,0.0,13,14.6
BNK-300536,Germany,Female,68,1,20424.08,504,2,False,False,40958755,True,0,1,4.19,187,biennial,2,0.0,1,20.2
BNK-300537,Spain,Male,35,1,13327.36,603,1,True,True,59654866,True,0,0,3.71,289,monthly,1,0.0,9,8.6
BNK-300538,France,Female,30,4,2038.46,651,3,False,True,61571739,False,0,1,4.31,207,annual,3,34277.0,10,2.7
BNK-300539,France,Female,74,4,18132.44,568,2,True,True,18726329,False,1,0,4.04,194,biennial,2,0.0,17,2.6
BNK-300540,Spain,Female,48,8,4654.2,618,3,True,True,19201199,False,0,4,4.31,271,monthly,3,63728.0,13,1.4
BNK-300541,France,Female,63,3,1081.44,598,1,True,False,59846732,False,0,1,4.36,233,monthly,1,78256.0,2,20.7
BNK-300542,Germany,Female,25,5,9068.58,703,4,True,True,31452705,False,0,2,5.0,83,monthly,4,0.0,13,3.4
BNK-300543,France,Male,61,9,10687.78,599,2,True,True,12088345,False,0,2,3.98,93,monthly,2,0.0,12,2.2
BNK-300544,Spain,Female,38,6,3990.1,629,1,False,True,25211340,False,0,1,4.21,43,monthly,1,0.0,8,4.1
BNK-300545,Germany,Female,58,8,25007.7,736,2,True,True,29157837,False,1,0,3.67,43,annual,2,0.0,8,4.3
BNK-300546,France,Male,55,5,910.04,619,1,True,True,31061217,False,0,1,4.09,302,biennial,1,0.0,9,7.3
BNK-300547,France,Female,20,1,10145.11,577,3,True,True,53234620,False,0,1,3.79,248,annual,3,0.0,8,3.7
BNK-300548,France,Male,67,4,0.0,562,3,False,True,22820535,False,0,2,3.05,234,biennial,3,0.0,17,4.5
BNK-300549,France,Male,34,7,16990.16,624,2,False,True,57974944,False,0,1,4.7,161,biennial,2,0.0,12,2.4
BNK-300550,France,Male,38,1,9434.13,616,1,True,False,41880108,False,1,1,5.0,33,annual,1,0.0,3,13.7
BNK-300551,Germany,Female,63,4,1820.51,599,3,False,True,19086368,False,2,1,3.97,152,biennial,3,0.0,6,3.7
BNK-300552,Spain,Male,67,5,0.0,564,3,False,True,30954175,False,0,2,4.27,56,biennial,3,82300.0,11,8.2
BNK-300553,France,Male,69,9,5157.76,692,2,True,True,46505857,False,0,1,4.69,351,monthly,2,79453.0,11,1.7
BNK-300554,France,Male,43,9,0.0,660,2,True,True,37041015,False,0,0,3.89,147,biennial,2,0.0,11,2.5
BNK-300555,Spain,Female,37,6,13400.11,624,1,True,True,43891969,False,2,1,4.15,44,biennial,1,0.0,11,4.7
BNK-300556,France,Male,64,2,20617.74,521,1,False,True,27072994,True,1,2,2.83,104,monthly,1,0.0,13,8.8
BNK-300557,Germany,Female,32,2,4463.3,582,4,True,True,47924591,False,2,1,3.56,235,annual,4,79608.0,10,5.1
BNK-300558,Spain,Male,54,5,22934.36,559,2,True,True,29755493,False,0,1,4.42,165,monthly,2,0.0,12,1.9
BNK-300559,Germany,Male,31,1,4066.75,603,1,False,True,129713419,False,0,2,4.41,22,monthly,1,29624.0,15,8.6
BNK-300560,Germany,Female,29,6,18565.4,619,2,False,False,18774860,False,1,1,4.74,132,annual,2,0.0,0,10.5
BNK-300561,Spain,Female,49,9,12191.66,679,1,True,False,139940899,False,0,0,4.0,250,monthly,1,84963.0,0,9.5
BNK-300562,France,Female,67,1,6882.89,534,1,True,True,22571106,False,0,2,3.04,194,annual,1,98873.0,7,21.1
BNK-300563,France,Male,34,9,482.83,704,4,True,True,68570131,False,1,0,4.89,204,monthly,4,0.0,11,1.3
BNK-300564,France,Male,59,0,1236.66,581,1,True,False,54924806,True,0,0,2.41,241,monthly,1,0.0,3,36.1
BNK-300565,France,Female,19,4,0.0,679,1,True,True,23045307,False,1,1,3.4,265,annual,1,0.0,19,4.2
BNK-300566,France,Female,57,3,6685.81,624,3,True,True,49007848,False,0,0,3.57,156,biennial,3,0.0,19,3.0
BNK-300567,France,Female,40,5,0.0,709,1,False,True,28341860,False,0,0,2.61,274,monthly,1,0.0,14,7.7
BNK-300568,Germany,Female,22,4,0.0,615,1,True,True,41665336,False,0,1,3.83,330,monthly,1,0.0,13,10.5
BNK-300569,France,Male,49,5,0.0,650,2,True,True,39102186,False,0,1,4.5,49,monthly,2,45451.0,7,2.1
BNK-300570,Spain,Male,31,1,7878.39,627,1,True,True,30495825,False,0,1,3.65,266,monthly,1,84826.0,9,10.1
BNK-300571,France,Female,54,7,2469.17,667,1,False,True,29254392,False,0,2,5.0,100,monthly,1,0.0,13,6.4
BNK-300572,Germany,Male,20,9,9622.32,696,2,True,True,43063721,False,1,1,5.0,40,monthly,2,0.0,9,2.1
BNK-300573,France,Male,37,4,0.0,673,4,True,False,23111576,False,0,1,4.71,92,annual,4,0.0,5,5.3
BNK-300574,France,Female,31,8,415.24,615,3,False,True,23551682,False,0,0,2.45,339,monthly,3,56528.0,14,2.4
BNK-300575,Germany,Female,35,1,802.74,565,1,True,False,58541318,False,0,3,5.0,222,annual,1,78376.0,2,46.8
BNK-300576,France,Male,18,7,3027.69,656,2,True,False,44989891,False,0,2,3.81,167,monthly,2,95701.0,3,7.8
BNK-300577,Germany,Male,34,3,7028.69,620,2,True,True,18895260,False,0,4,5.0,95,biennial,2,0.0,13,3.4
BNK-300578,Germany,Female,23,6,6970.28,665,1,True,True,21990374,False,0,1,3.52,194,monthly,1,0.0,12,6.0
BNK-300579,Germany,Male,53,5,11649.88,580,1,False,True,12478277,False,0,0,3.89,188,monthly,1,66571.0,12,7.9
BNK-300580,Germany,Female,44,0,4208.78,544,2,False,True,57230652,False,0,1,4.07,149,monthly,2,0.0,10,4.0
BNK-300581,Spain,Male,34,3,1339.12,596,1,True,False,51240629,False,0,0,3.25,161,annual,1,0.0,1,13.6
BNK-300582,France,Male,53,4,9736.07,534,3,True,True,21070336,False,0,1,2.7,264,biennial,3,18402.0,12,3.3
BNK-300583,Spain,Female,70,8,694.45,597,1,True,True,50252997,True,0,0,1.08,214,annual,1,71093.0,15,8.5
BNK-300584,France,Male,48,1,16497.85,583,1,True,True,98002729,False,0,0,5.0,11,monthly,1,0.0,10,8.3
BNK-300585,France,Male,34,9,0.0,688,3,False,True,16820113,False,0,4,2.67,128,annual,3,39113.0,10,1.8
BNK-300586,Spain,Female,40,0,3225.87,596,3,True,True,26700822,False,0,1,2.68,23,monthly,3,72288.0,14,3.2
BNK-300587,France,Male,63,2,2687.56,643,1,True,False,16637330,False,0,4,4.46,337,annual,1,0.0,2,11.9
BNK-300588,Spain,Female,23,1,10883.71,655,3,True,False,58353344,True,0,4,1.86,118,monthly,3,0.0,4,5.2
BNK-300589,Germany,Male,36,8,980.83,689,3,False,True,34612535,False,1,1,2.71,352,annual,3,0.0,9,3.5
BNK-300590,Spain,Female,44,5,6409.98,638,1,False,True,29760805,False,1,2,1.7,91,biennial,1,0.0,14,3.5
BNK-300591,France,Male,54,7,9954.81,646,2,True,False,40688836,False,0,1,4.23,128,monthly,2,9908.0,1,4.2
BNK-300592,Germany,Female,50,6,0.0,614,2,True,True,27488776,False,0,2,3.14,150,monthly,2,0.0,12,5.6
BNK-300593,France,Female,57,5,11159.23,608,1,True,True,29708363,False,0,0,4.51,333,annual,1,0.0,17,6.9
BNK-300594,France,Male,71,2,7469.69,636,4,True,True,41663521,False,0,0,3.94,33,annual,4,0.0,13,2.5
BNK-300595,Germany,Female,27,1,2855.01,614,4,True,True,26767964,False,0,0,4.07,289,annual,4,0.0,18,5.8
BNK-300596,Germany,Male,45,4,0.0,561,2,False,True,28724545,False,1,2,3.64,239,annual,2,0.0,11,3.2
BNK-300597,Germany,Male,39,4,36573.48,651,1,False,True,33581814,False,1,0,3.78,83,monthly,1,0.0,12,8.9
BNK-300598,Germany,Female,23,4,829.12,682,3,True,True,38012491,False,0,0,3.28,307,annual,3,0.0,12,1.6
BNK-300599,Spain,Male,25,9,15505.99,690,2,True,True,49061121,False,1,2,3.36,205,monthly,2,0.0,14,1.7
BNK-300600,France,Female,53,1,1072.76,503,1,False,True,48611428,False,0,0,3.12,184,annual,1,0.0,7,23.3
BNK-300601,France,Male,47,6,625.37,678,2,True,True,17157754,False,0,1,5.0,138,monthly,2,0.0,16,1.1
BNK-300602,Spain,Male,34,1,7110.29,616,2,False,True,73421762,False,1,0,3.68,153,monthly,2,75926.0,13,5.2
BNK-300603,Germany,Male,69,5,8498.85,574,1,False,False,37404954,False,0,0,2.19,292,annual,1,59131.0,1,35.8
BNK-300604,France,Female,35,6,580.26,693,1,True,True,30766125,False,1,0,4.21,354,monthly,1,49152.0,15,3.5
BNK-300605,France,Female,51,0,4066.88,492,3,True,True,23114829,False,0,2,3.36,326,monthly,3,0.0,9,3.2
BNK-300606,France,Female,74,4,6750.53,575,4,False,True,98182528,False,0,1,3.96,122,biennial,4,97635.0,16,2.4
BNK-300607,Spain,Male,57,3,2677.59,566,1,False,True,118176150,False,1,2,3.78,227,annual,1,84823.0,16,7.0
BNK-300608,France,Male,59,4,0.0,653,1,True,True,92326855,False,1,2,5.0,364,annual,1,0.0,10,11.9
BNK-300609,Germany,Female,34,4,2236.54,640,1,True,True,38588433,False,0,2,3.69,230,biennial,1,0.0,11,9.6
BNK-300610,Germany,Female,70,4,7831.95,542,2,False,False,43133387,False,0,0,4.65,1,annual,2,0.0,1,11.9
BNK-300611,Spain,Male,44,6,1712.65,677,1,True,True,76536125,False,0,3,4.57,263,monthly,1,13970.0,13,6.8
BNK-300612,France,Female,35,2,4777.76,515,2,True,True,32196871,False,0,1,2.91,208,monthly,2,0.0,8,5.1
BNK-300613,Spain,Female,60,8,232.14,644,1,False,False,47603011,False,1,0,4.15,181,monthly,1,0.0,3,20.8
BNK-300614,Germany,Female,48,8,7907.38,591,3,True,False,40684791,False,2,0,3.39,14,monthly,3,0.0,1,7.8
BNK-300615,France,Female,25,4,7416.05,626,3,False,True,94786655,False,0,1,3.03,172,monthly,3,0.0,10,1.3
BNK-300616,France,Female,19,9,8621.14,683,3,False,True,74470913,False,0,0,3.04,288,monthly,3,0.0,10,0.5
BNK-300617,France,Male,24,2,3780.18,666,1,True,True,33894708,False,0,0,4.66,206,monthly,1,36168.0,11,6.1
BNK-300618,France,Male,27,2,1732.14,713,2,False,True,77848920,False,1,2,5.0,98,monthly,2,0.0,17,2.5
BNK-300619,France,Female,30,2,0.0,549,1,True,True,36245794,False,1,1,3.36,298,monthly,1,0.0,17,11.1
BNK-300620,France,Male,37,7,9271.65,668,1,False,False,27642538,False,0,1,4.17,164,monthly,1,0.0,2,16.7
BNK-300621,Spain,Female,31,1,6542.38,699,2,True,True,31487053,False,0,3,4.25,236,annual,2,42564.0,13,2.7
BNK-300622,France,Male,69,3,20293.57,547,3,True,False,39093271,False,0,2,3.58,6,biennial,3,50528.0,4,9.4
BNK-300623,France,Male,72,1,1099.09,524,3,True,True,24525654,False,0,3,5.0,53,annual,3,0.0,6,9.8
BNK-300624,Germany,Female,73,4,52699.43,581,1,True,True,28034484,False,0,0,5.0,73,biennial,1,23222.0,14,14.4
BNK-300625,Spain,Female,27,3,1869.74,666,2,True,False,17646775,False,0,5,3.52,52,monthly,2,0.0,2,8.9
BNK-300626,Spain,Male,48,8,4510.7,668,1,True,True,24070895,True,0,1,4.39,156,annual,1,51657.0,14,8.1
BNK-300627,Spain,Male,23,7,21917.23,657,2,True,True,40834127,False,0,0,3.56,152,monthly,2,68686.0,10,1.3
BNK-300628,Spain,Male,58,8,8416.01,594,1,False,False,61149021,False,1,1,3.22,30,monthly,1,0.0,2,25.0
BNK-300629,France,Female,25,4,642.99,697,3,False,True,57355042,False,0,0,3.89,240,annual,3,19687.0,12,1.1
BNK-300630,Germany,Female,34,5,7929.08,608,4,True,True,45022603,False,1,1,4.7,176,annual,4,0.0,15,1.5
BNK-300631,France,Female,29,8,3556.05,593,1,True,True,16904970,False,2,1,3.92,143,monthly,1,55480.0,9,5.2
BNK-300632,Spain,Female,45,7,11227.76,580,3,False,True,23611726,False,0,1,4.59,89,monthly,3,0.0,10,3.7
BNK-300633,France,Female,39,9,10786.52,640,2,True,False,32901668,False,1,1,4.18,139,annual,2,0.0,2,4.7
BNK-300634,Germany,Female,48,9,2104.71,709,2,True,True,58771749,False,0,1,5.0,60,annual,2,0.0,14,1.2
BNK-300635,France,Female,29,0,2721.33,558,2,True,True,27489870,False,0,2,4.42,326,monthly,2,0.0,15,2.7
BNK-300636,Spain,Male,46,2,6595.06,657,1,True,True,19734470,False,0,0,5.0,188,monthly,1,0.0,11,6.0
BNK-300637,France,Female,23,7,128.75,723,1,False,True,74917598,False,0,2,3.31,317,monthly,1,70260.0,18,3.2
BNK-300638,Spain,Male,20,0,5985.97,629,1,True,True,25147996,False,1,2,3.84,312,monthly,1,0.0,11,4.4
BNK-300639,Spain,Female,25,0,10558.11,510,2,True,False,20662273,False,0,2,4.0,174,monthly,2,0.0,2,8.0
BNK-300640,France,Female,33,1,8160.09,561,1,True,False,40687153,False,0,4,3.32,145,monthly,1,85196.0,1,26.2
BNK-300641,Spain,Female,63,0,18977.94,530,2,True,True,35417548,True,0,1,2.19,262,annual,2,0.0,15,9.9
BNK-300642,France,Female,36,6,0.0,713,3,True,False,28280757,False,2,0,4.31,140,annual,3,0.0,3,4.9
BNK-300643,France,Female,47,2,13942.06,572,2,True,True,36322183,True,1,0,3.53,165,monthly,2,79906.0,10,3.3
BNK-300644,France,Female,56,9,2826.1,607,1,True,False,22857390,True,0,1,3.09,150,monthly,1,17715.0,3,25.9
BNK-300645,Germany,Male,60,1,17260.02,575,2,True,True,28119248,False,0,2,4.85,220,biennial,2,69154.0,18,6.6
BNK-300646,France,Female,51,4,0.0,549,1,True,True,35665363,True,0,1,2.12,20,biennial,1,53852.0,12,9.8
BNK-300647,Germany,Female,28,6,8771.62,655,3,False,False,13122347,False,0,1,3.69,100,biennial,3,0.0,4,4.4
BNK-300648,Spain,Female,55,3,16088.59,559,1,True,True,58543935,False,2,0,3.06,248,annual,1,33913.0,17,7.7
BNK-300649,France,Female,35,7,2359.48,761,1,True,True,18279727,False,0,3,4.11,182,biennial,1,0.0,15,3.1
BNK-300650,France,Female,51,8,3728.46,600,4,False,True,22710255,False,2,2,4.39,252,monthly,4,54672.0,14,1.1
BNK-300651,France,Female,73,6,20303.37,665,1,True,True,59878737,False,1,0,5.0,234,monthly,1,0.0,8,7.3
BNK-300652,France,Male,22,6,3556.54,619,1,True,False,48274355,False,0,0,3.06,122,monthly,1,0.0,3,19.7
BNK-300653,Spain,Male,22,5,2583.57,667,1,False,True,37936218,False,0,0,4.3,161,annual,1,0.0,12,5.9
BNK-300654,France,Male,32,9,0.0,694,1,True,True,15458350,False,0,4,5.0,26,monthly,1,0.0,14,10.6
BNK-300655,Germany,Female,43,7,843.88,647,3,True,True,26826879,False,0,2,3.2,277,annual,3,94685.0,12,3.1
BNK-300656,Spain,Male,45,0,3705.52,585,1,True,True,32595241,False,2,0,3.01,162,monthly,1,0.0,9,10.5
BNK-300657,France,Male,34,7,4005.91,689,1,False,True,33800850,False,0,1,2.82,98,annual,1,0.0,14,3.7
BNK-300658,Germany,Male,69,1,1038.65,571,3,False,True,64261076,False,0,3,4.5,195,biennial,3,0.0,11,4.9
BNK-300659,Spain,Female,18,8,8707.71,680,1,True,False,98434505,False,0,0,3.42,5,annual,1,0.0,2,6.7
BNK-300660,Germany,Female,49,3,1731.08,573,1,False,True,49386223,False,1,2,4.38,152,monthly,1,34052.0,14,12.4
BNK-300661,France,Male,49,6,1557.34,617,1,True,True,27800359,False,1,2,3.83,333,monthly,1,59157.0,9,4.9
BNK-300662,Spain,Male,61,7,14735.43,607,3,True,True,66649756,False,0,2,5.0,140,monthly,3,0.0,10,1.3
BNK-300663,Spain,Female,49,3,0.0,592,2,True,True,27043858,False,1,3,4.63,132,annual,2,26941.0,13,6.4
BNK-300664,Spain,Female,25,9,1033.82,687,2,True,True,9780569,False,0,2,3.36,164,monthly,2,0.0,7,2.0
BNK-300665,Spain,Male,36,5,465.59,579,2,True,True,19442824,False,0,0,3.76,92,annual,2,0.0,13,3.7
BNK-300666,Spain,Male,27,4,19329.05,600,2,True,False,11092659,False,0,2,4.63,81,biennial,2,0.0,5,5.7
BNK-300667,Germany,Female,44,4,0.0,649,3,True,True,29973988,False,0,0,3.15,174,monthly,3,21552.0,10,2.6
BNK-300668,France,Male,70,3,13551.15,478,3,False,False,33218364,False,0,1,4.95,241,monthly,3,36096.0,2,10.7
BNK-300669,Spain,Male,40,1,20074.21,645,2,True,True,16377511,False,1,0,3.8,91,monthly,2,0.0,9,4.7
BNK-300670,France,Female,38,9,13207.93,642,3,True,True,23693180,False,0,2,4.65,78,annual,3,0.0,12,1.5
BNK-300671,Spain,Female,44,8,12499.59,714,1,False,False,17797648,False,0,1,3.84,267,monthly,1,0.0,3,17.4
BNK-300672,France,Female,27,8,2464.58,722,2,False,False,34081108,False,1,0,3.58,183,annual,2,0.0,2,6.7
BNK-300673,Germany,Male,66,9,9939.02,609,2,True,True,23700636,False,0,3,3.45,112,monthly,2,0.0,8,5.8
BNK-300674,Spain,Female,55,6,9347.15,606,1,False,True,60172443,False,0,1,5.0,309,monthly,1,65119.0,4,3.7
BNK-300675,Spain,Female,58,9,8269.04,698,1,True,True,39531072,False,0,1,3.76,361,annual,1,0.0,12,4.1
BNK-300676,France,Male,37,9,0.0,717,1,False,True,81015329,False,0,2,5.0,309,monthly,1,0.0,7,10.8
BNK-300677,Germany,Male,33,2,40065.84,655,1,True,True,28929511,False,1,1,4.12,101,annual,1,0.0,16,2.9
BNK-300678,France,Female,45,4,20321.73,660,3,False,True,106104861,False,0,3,3.32,356,monthly,3,0.0,16,1.5
BNK-300679,France,Male,31,0,20178.23,559,1,True,False,36361288,False,1,1,2.73,132,annual,1,0.0,1,26.1
BNK-300680,Germany,Male,19,7,6271.33,685,2,True,True,27882863,False,0,0,4.99,29,biennial,2,0.0,10,2.2
BNK-300681,Spain,Female,59,1,17533.84,538,1,False,True,121099515,True,0,0,2.85,196,monthly,1,91850.0,11,16.0
BNK-300682,Spain,Female,67,7,3696.94,560,2,False,False,14555831,False,0,1,4.66,348,annual,2,26519.0,4,11.6
BNK-300683,Germany,Male,30,8,3846.03,675,1,False,True,27547324,False,0,1,5.0,2,annual,1,0.0,14,5.1
BNK-300684,Spain,Male,53,4,30745.5,585,1,False,False,15795423,False,0,0,4.54,3,monthly,1,0.0,1,19.6
BNK-300685,France,Male,69,6,2704.48,587,2,True,False,14484904,False,0,1,4.27,2,annual,2,0.0,2,11.6
BNK-300686,France,Female,60,9,2724.32,611,1,False,False,12918711,False,1,1,4.98,306,monthly,1,0.0,1,18.3
BNK-300687,Germany,Male,65,7,5599.65,558,1,True,True,49433251,False,1,0,4.64,86,annual,1,0.0,18,8.9
BNK-300688,Spain,Female,68,4,3054.2,647,2,True,True,18684953,False,0,1,2.99,181,annual,2,0.0,19,3.1
BNK-300689,Germany,Female,32,9,46385.84,680,4,True,False,31971885,False,0,0,5.0,30,monthly,4,0.0,2,11.3
BNK-300690,France,Male,22,0,7821.59,559,2,False,True,56724306,False,0,1,3.96,344,annual,2,22113.0,9,3.6
BNK-300691,France,Female,63,2,626.81,578,2,True,False,45783204,False,0,1,5.0,277,annual,2,0.0,4,16.3
BNK-300692,France,Female,63,3,8212.01,640,2,True,False,44665647,False,0,1,4.41,208,monthly,2,0.0,2,4.3
BNK-300693,Spain,Male,28,3,0.0,670,2,True,True,66630032,False,1,1,4.95,318,monthly,2,0.0,8,2.4
BNK-300694,France,Male,69,6,2524.68,573,2,True,True,81203609,False,0,1,3.82,75,monthly,2,0.0,8,3.1
BNK-300695,France,Female,19,7,0.0,657,2,True,True,19421430,False,1,0,2.79,151,biennial,2,0.0,4,4.9
BNK-300696,Germany,Female,39,0,167.84,553,2,False,True,46240040,False,2,0,4.45,354,monthly,2,0.0,10,6.5
BNK-300697,France,Male,72,2,1002.96,528,3,True,False,31694287,False,0,0,4.78,189,monthly,3,25477.0,2,13.1
BNK-300698,France,Male,38,8,5536.13,630,1,True,True,33747526,False,3,1,3.55,111,monthly,1,0.0,13,4.7
BNK-300699,Germany,Female,61,5,1234.31,539,1,False,False,17056088,False,0,2,3.84,224,monthly,1,0.0,3,27.5
BNK-300700,France,Female,20,3,5451.98,626,2,False,True,27834341,True,0,2,1.23,341,monthly,2,0.0,20,2.0
BNK-300701,Germany,Male,45,4,858.47,628,3,False,True,29396398,False,0,1,3.88,35,monthly,3,0.0,19,4.9
BNK-300702,Spain,Male,62,6,114.79,588,3,True,True,74245092,False,0,2,3.0,363,monthly,3,0.0,12,1.8
BNK-300703,France,Male,66,5,3741.78,599,1,True,True,20380794,False,1,1,4.41,172,monthly,1,0.0,13,6.9
BNK-300704,France,Female,42,8,22905.96,715,2,False,True,11017856,False,1,1,4.27,33,annual,2,0.0,12,1.2
BNK-300705,Germany,Female,22,9,8765.83,762,4,True,False,36204901,False,1,2,4.01,350,annual,4,0.0,2,5.3
BNK-300706,Germany,Female,48,8,4878.36,639,1,True,False,19372643,True,1,1,4.06,208,annual,1,0.0,0,11.4
BNK-300707,Spain,Male,60,1,1585.05,603,2,True,True,33867521,False,0,1,4.19,76,monthly,2,0.0,12,12.1
BNK-300708,France,Male,43,4,9702.88,610,1,True,False,50532797,False,1,2,4.15,67,biennial,1,21089.0,0,14.3
BNK-300709,Spain,Male,72,4,15455.1,554,3,True,True,34547560,False,0,0,4.26,31,monthly,3,0.0,15,3.5
BNK-300710,France,Male,35,6,16788.62,600,1,False,True,29271731,False,0,2,3.53,193,annual,1,0.0,10,6.8
BNK-300711,France,Female,64,9,3395.5,629,2,True,True,33581129,False,2,0,4.79,103,annual,2,0.0,8,3.3
BNK-300712,Germany,Male,61,4,6986.17,633,1,False,True,55475658,False,0,0,3.27,116,monthly,1,0.0,12,10.6
BNK-300713,France,Female,42,3,29754.09,560,1,True,False,20387282,False,0,1,4.34,200,monthly,1,0.0,1,15.9
BNK-300714,France,Female,23,8,11423.06,668,1,False,False,52273298,False,0,0,4.97,349,annual,1,0.0,5,14.7
BNK-300715,France,Female,37,7,0.0,637,1,True,True,21977611,True,0,1,2.18,317,annual,1,0.0,11,6.2
BNK-300716,France,Female,61,4,0.0,600,3,True,False,49071576,False,0,2,2.93,39,biennial,3,0.0,0,7.6
BNK-300717,Germany,Female,68,9,1204.26,630,1,True,False,16788593,False,0,3,3.16,130,annual,1,0.0,1,30.0
BNK-300718,France,Male,44,3,13910.56,629,1,True,False,47631767,False,2,2,5.0,81,biennial,1,0.0,1,13.3
BNK-300719,France,Female,34,2,9594.9,690,3,True,True,34512066,False,0,2,3.51,126,annual,3,0.0,15,0.7
BNK-300720,France,Male,61,0,2582.6,523,1,False,False,38111720,False,0,2,3.04,329,monthly,1,79141.0,2,31.1
BNK-300721,Germany,Female,71,0,2142.26,506,2,True,True,58657559,True,0,1,3.29,125,biennial,2,0.0,17,17.5
BNK-300722,Spain,Female,26,8,2354.76,684,1,True,False,24087610,False,0,1,1.82,236,annual,1,35306.0,4,11.2
BNK-300723,France,Female,36,0,3512.57,654,3,True,True,35863466,False,0,2,3.24,307,monthly,3,0.0,13,2.3
BNK-300724,Spain,Male,63,7,0.0,553,2,True,False,42262284,False,0,0,5.0,100,annual,2,0.0,2,9.3
BNK-300725,Germany,Female,25,0,0.0,625,1,False,True,31272499,True,1,1,2.24,171,monthly,1,0.0,9,15.6
BNK-300726,Spain,Male,73,2,27181.41,548,2,False,True,51968585,False,1,3,3.79,297,biennial,2,93831.0,16,2.6
BNK-300727,Germany,Female,31,3,8357.69,661,1,False,True,42826423,False,1,1,4.24,121,annual,1,37756.0,14,7.7
BNK-300728,France,Male,45,2,25005.07,623,1,False,True,27174538,False,1,0,4.24,244,monthly,1,83937.0,12,5.5
BNK-300729,Spain,Female,47,1,5522.54,589,1,True,True,68211327,False,0,1,3.57,65,biennial,1,0.0,6,9.0
BNK-300730,Germany,Female,39,9,5451.22,683,2,True,False,48095700,False,1,2,4.44,335,monthly,2,0.0,3,5.2
BNK-300731,Spain,Male,25,4,272.39,618,2,True,True,23830375,False,0,2,5.0,46,monthly,2,22774.0,13,4.2
BNK-300732,Spain,Male,19,4,5409.62,685,1,False,False,23711188,False,0,1,3.15,251,monthly,1,0.0,4,9.2
BNK-300733,Germany,Female,39,7,6315.67,702,3,True,False,32540596,False,1,2,3.61,355,monthly,3,0.0,5,3.8
BNK-300734,Germany,Male,33,9,12911.1,676,1,False,True,45421421,False,0,2,3.92,52,monthly,1,0.0,19,5.8
BNK-300735,France,Female,69,2,3735.45,546,2,False,True,12007416,False,1,0,4.56,178,annual,2,0.0,10,3.9
BNK-300736,Germany,Female,55,4,0.0,593,1,True,True,24336811,False,0,1,4.03,346,monthly,1,0.0,10,14.3
BNK-300737,Germany,Male,23,4,3184.23,679,1,True,True,27207855,False,0,1,3.9,27,biennial,1,0.0,11,8.9
BNK-300738,Germany,Female,61,2,3753.51,572,2,False,True,17697398,False,0,2,2.76,112,monthly,2,69933.0,12,7.0
BNK-300739,France,Male,53,1,4244.93,530,2,False,False,21788038,False,0,1,3.09,330,monthly,2,0.0,3,27.8
BNK-300740,Spain,Female,25,9,1334.66,722,3,True,False,38896153,False,0,1,4.15,49,monthly,3,0.0,4,1.8
BNK-300741,France,Male,41,6,14038.65,597,2,True,True,28439772,False,0,1,3.59,348,monthly,2,0.0,12,2.7
BNK-300742,France,Female,60,6,10162.48,624,3,False,True,29579500,False,0,1,3.73,272,annual,3,94537.0,9,2.0
BNK-300743,France,Male,54,3,24001.85,518,4,True,False,18227379,False,0,1,3.95,87,biennial,4,0.0,1,12.0
BNK-300744,France,Female,50,6,2670.05,627,4,True,True,32638297,False,0,0,5.0,76,monthly,4,0.0,12,1.8
BNK-300745,France,Male,45,1,10051.71,587,1,True,True,17119406,False,1,1,3.6,116,monthly,1,0.0,14,4.8
BNK-300746,France,Female,57,1,10647.32,493,1,True,True,75321043,False,2,2,5.0,193,monthly,1,0.0,10,20.4
BNK-300747,France,Male,67,9,2970.1,634,2,True,True,86826216,False,0,0,5.0,350,annual,2,0.0,9,3.6
BNK-300748,France,Male,27,2,4994.07,581,1,False,True,28664570,False,1,5,4.64,289,monthly,1,45556.0,13,7.9
BNK-300749,France,Female,40,7,4273.03,649,3,False,True,20718451,False,1,0,3.32,6,monthly,3,0.0,12,1.2
BNK-300750,Spain,Female,66,2,0.0,550,1,False,False,55675820,False,1,4,4.11,215,annual,1,0.0,0,34.4
BNK-300751,Germany,Male,46,6,8454.95,569,3,False,True,48833991,False,0,0,3.69,119,annual,3,0.0,13,2.3
BNK-300752,France,Male,28,6,1152.0,614,1,False,True,92723071,False,1,0,5.0,193,monthly,1,0.0,11,4.3
BNK-300753,Germany,Male,25,7,1917.85,629,3,False,True,105930538,False,0,1,4.33,157,annual,3,0.0,16,2.6
BNK-300754,Germany,Female,59,9,7613.97,672,2,True,True,13181851,False,1,0,3.83,215,annual,2,0.0,18,4.2
BNK-300755,Germany,Male,45,4,9614.82,647,1,True,False,64817424,False,0,1,5.0,281,monthly,1,32869.0,3,23.2
BNK-300756,France,Male,63,8,6110.65,707,2,True,True,32491897,False,0,1,3.72,87,annual,2,0.0,12,2.8
BNK-300757,Germany,Female,24,2,14567.01,609,2,True,True,47788686,False,0,0,4.44,134,monthly,2,5017.0,11,4.0
BNK-300758,France,Male,52,9,6113.55,622,3,True,False,53579626,False,0,1,4.56,17,monthly,3,0.0,2,2.8
BNK-300759,France,Male,51,4,17381.55,610,2,True,True,52467926,False,0,1,4.28,124,monthly,2,35124.0,6,4.0
BNK-300760,Spain,Female,44,8,4363.9,633,2,True,True,59885209,False,0,1,3.91,360,annual,2,27878.0,16,1.6
BNK-300761,France,Female,42,8,12507.91,627,1,False,False,27442967,True,0,0,3.67,266,monthly,1,0.0,2,18.1
BNK-300762,France,Male,33,6,2891.99,650,2,True,True,22551563,False,0,1,3.5,247,annual,2,0.0,10,2.4
BNK-300763,France,Male,62,9,4228.57,657,1,False,True,65739587,False,0,2,4.89,310,monthly,1,0.0,8,7.7
BNK-300764,Germany,Male,36,6,2088.94,559,4,False,True,23485442,False,0,4,3.77,208,annual,4,63698.0,9,3.6
BNK-300765,France,Male,41,6,4290.82,613,2,True,True,92106367,False,1,0,5.0,34,biennial,2,0.0,14,1.0
BNK-300766,France,Male,66,2,16465.81,510,3,False,True,24780500,False,0,1,4.84,240,monthly,3,0.0,16,2.6
BNK-300767,France,Male,53,3,32496.28,588,3,True,False,30018888,False,2,2,4.44,52,annual,3,0.0,3,6.5
BNK-300768,France,Male,20,0,51.79,637,1,True,True,33017561,False,0,1,3.93,72,annual,1,0.0,18,17.9
BNK-300769,France,Female,21,7,1164.65,719,1,True,True,16805640,False,0,0,4.88,241,biennial,1,63873.0,16,4.3
BNK-300770,France,Male,48,6,7944.25,608,1,True,True,16829897,False,0,1,4.46,337,annual,1,0.0,13,2.2
BNK-300771,France,Female,58,6,9544.49,615,1,True,True,57297785,False,1,1,1.43,115,annual,1,53396.0,11,7.1
BNK-300772,France,Male,44,6,9506.47,564,1,True,True,15367046,False,0,1,3.35,110,annual,1,0.0,11,6.1
BNK-300773,Spain,Male,72,2,4987.27,523,3,True,False,128005872,True,0,2,3.13,244,biennial,3,0.0,1,12.3
BNK-300774,Germany,Female,66,9,11828.73,631,2,False,False,34645981,False,0,2,4.22,114,biennial,2,0.0,6,11.3
BNK-300775,France,Male,43,4,1208.64,563,2,False,True,21705650,False,0,1,4.57,64,monthly,2,0.0,10,1.6
BNK-300776,France,Female,31,6,21544.58,700,2,True,True,44806528,False,0,3,5.0,84,annual,2,0.0,12,2.8
BNK-300777,Germany,Female,18,1,324.04,651,1,True,True,10604633,False,0,1,4.47,293,monthly,1,0.0,12,14.2
BNK-300778,Germany,Male,19,5,9650.11,625,1,True,True,30736804,False,0,0,2.33,224,monthly,1,68620.0,10,5.5
BNK-300779,France,Male,52,4,0.0,544,1,False,False,32771985,True,0,3,3.16,117,annual,1,0.0,2,29.5
BNK-300780,France,Female,37,9,18527.75,637,3,True,True,19281428,False,0,1,4.97,363,monthly,3,0.0,10,1.3
BNK-300781,Germany,Male,26,7,9604.37,631,2,True,True,26479059,False,0,0,4.09,122,annual,2,0.0,5,2.7
BNK-300782,France,Male,22,9,10875.8,640,1,True,True,77886783,False,0,1,4.16,250,monthly,1,0.0,11,4.3
BNK-300783,France,Female,44,3,11905.14,551,2,True,False,39800116,False,0,2,3.6,66,annual,2,67646.0,1,6.3
BNK-300784,France,Female,51,6,4331.64,612,2,True,True,44344043,False,0,1,4.76,342,monthly,2,0.0,15,3.3
BNK-300785,Spain,Female,19,6,3399.65,698,1,False,True,24503885,False,0,0,3.72,77,monthly,1,0.0,12,2.3
BNK-300786,France,Female,41,2,1174.46,576,1,True,True,18737841,False,0,1,4.47,157,annual,1,0.0,10,9.1
BNK-300787,France,Male,43,3,16315.08,627,1,True,True,32191893,False,0,1,4.34,218,annual,1,0.0,16,5.7
BNK-300788,France,Male,21,6,10525.84,653,3,True,True,10627378,False,1,1,4.04,190,annual,3,0.0,14,1.4
BNK-300789,Germany,Male,67,1,3151.76,581,3,False,True,20985633,False,0,0,4.39,212,annual,3,0.0,12,6.6
BNK-300790,Germany,Female,31,4,3158.26,604,2,True,True,19414006,False,0,3,4.16,282,annual,2,0.0,11,2.2
BNK-300791,Germany,Male,25,7,17145.92,679,1,False,True,13103267,False,1,1,5.0,301,monthly,1,83202.0,14,3.4
BNK-300792,Germany,Male,25,8,5943.59,681,1,False,True,50242106,False,1,1,4.54,124,monthly,1,85178.0,11,4.5
BNK-300793,France,Male,46,5,11391.37,675,1,True,True,34021464,False,0,0,4.83,230,monthly,1,0.0,14,2.3
BNK-300794,France,Male,58,6,1820.57,633,1,True,True,26639888,False,1,1,3.39,208,monthly,1,0.0,15,4.6
BNK-300795,Spain,Female,32,8,6336.4,676,2,True,True,50792712,False,0,2,3.34,156,annual,2,18550.0,9,1.1
BNK-300796,Spain,Female,61,2,4462.8,515,1,True,True,15960375,False,2,0,4.05,185,monthly,1,0.0,11,15.5
BNK-300797,France,Male,32,6,36998.38,628,1,False,False,18549730,False,0,1,4.6,293,monthly,1,0.0,2,8.4
BNK-300798,Germany,Male,28,7,15484.42,631,2,False,True,63491593,True,0,1,3.43,248,monthly,2,0.0,12,2.9
BNK-300799,France,Male,54,8,4572.75,600,1,True,True,113630076,False,0,0,3.4,7,annual,1,0.0,21,8.7
