employee_id,department,job_level,age,gender,marital_status,education,years_at_company,years_in_role,monthly_income,overtime_hours_month,satisfaction_score,work_life_balance,trainings_last_year,promotions_last_5y,distance_home_km,remote_days_week,stock_option_level,num_companies_worked,performance_rating,hire_date,last_promotion_date,attrition,attrition_risk_score,manager_tenure_years,team_size,business_travel,environment_satisfaction,job_involvement,monthly_rate,percent_salary_hike,relationship_satisfaction,total_working_years,training_times_last_year,work_accident,left_company
EMP-20000,Sales,4,41,F,married,college,4,1,11917,18,3.04,3.15,0,3,36.5,2,2,2,4,2015-01-01,2018-06-01,False,0.9,11,10,rare,3.2,4,74.48,20.9,2,18,0,False,False
EMP-20001,Operations,3,35,F,divorced,bachelor,17,15,11161,16,2.91,3.53,6,2,53.1,1,3,2,3,2015-01-04,2018-06-06,False,0.3,12,5,none,2.28,3,69.76,4.9,4,24,6,False,False
EMP-20002,IT,1,50,M,married,master,11,8,6055,9,3.49,3.38,6,1,13.6,3,0,2,2,2015-01-07,2018-06-11,False,0.1,12,4,none,3.5,2,37.84,3.2,4,12,6,False,False
EMP-20003,IT,2,35,M,married,phd,5,2,7574,32,4.38,2.59,0,2,9.0,5,2,4,1,2015-01-10,2018-06-16,False,0.6,1,7,none,4.71,3,47.34,22.0,4,6,0,False,False
EMP-20004,HR,4,56,F,single,master,10,9,11993,10,3.55,3.63,3,1,4.6,1,3,7,2,2015-01-13,2018-06-21,False,0.0,4,3,rare,3.95,4,74.96,4.6,1,10,3,False,False
EMP-20005,Operations,4,57,F,divorced,college,19,15,11410,0,3.64,3.43,3,1,43.8,5,1,6,3,2015-01-16,2018-06-26,False,0.3,14,6,rare,3.47,2,71.31,21.4,4,22,3,False,False
EMP-20006,Sales,5,38,M,married,master,1,1,13462,3,3.27,3.62,3,2,54.1,0,0,4,1,2015-01-19,2018-07-01,False,0.1,9,12,frequent,3.45,2,84.14,14.5,3,5,3,False,False
EMP-20007,IT,2,49,F,single,bachelor,5,5,7587,25,3.48,2.93,2,0,41.7,0,0,5,4,2015-01-22,2018-07-06,False,0.9,4,16,frequent,3.91,1,47.42,20.6,2,19,2,False,False
EMP-20008,R&D,5,47,M,married,master,9,8,12517,18,2.65,3.74,2,3,58.6,5,0,2,3,2015-01-25,2018-07-11,False,0.8,14,11,rare,2.99,1,78.23,1.8,3,21,2,False,False
EMP-20009,R&D,5,52,F,married,master,2,1,11363,9,2.73,4.19,2,3,42.8,0,3,7,4,2015-01-28,2018-07-16,False,0.3,5,15,rare,3.09,1,71.02,24.1,2,2,2,False,False
EMP-20010,Operations,2,38,F,single,bachelor,8,7,8350,8,3.86,4.65,7,3,18.0,2,1,7,1,2015-01-31,2018-07-21,False,0.0,5,4,rare,3.91,1,52.19,7.5,2,13,7,False,False
EMP-20011,Operations,2,36,F,married,master,1,0,6889,7,3.9,3.89,7,0,16.1,5,0,5,4,2015-02-03,2018-07-26,False,0.0,12,8,frequent,3.86,1,43.06,1.5,1,5,7,False,False
EMP-20012,R&D,5,31,M,married,master,15,15,14186,14,2.94,3.09,0,1,40.3,2,3,8,4,2015-02-06,2018-07-31,False,0.5,14,14,rare,3.05,4,88.66,19.1,3,21,0,False,False
EMP-20013,Finance,2,43,M,single,bachelor,14,13,8301,24,2.71,2.77,5,1,40.9,1,3,8,2,2015-02-09,2018-08-05,False,0.9,6,3,none,2.4,3,51.88,4.5,2,16,5,False,False
EMP-20014,Operations,3,44,M,divorced,bachelor,0,0,7598,22,2.94,2.84,4,2,31.9,0,0,8,3,2015-02-12,2018-08-10,False,0.8,10,12,none,3.38,1,47.49,8.8,4,4,4,False,False
EMP-20015,HR,5,38,F,divorced,bachelor,8,6,13367,26,2.43,2.5,2,1,32.1,4,2,1,3,2015-02-15,2018-08-15,False,2.9,10,5,frequent,1.82,4,83.54,14.9,1,16,2,True,False
EMP-20016,Sales,2,33,F,single,bachelor,2,2,6682,1,3.79,4.14,1,1,25.6,1,1,1,4,2015-02-18,2018-08-20,False,0.1,4,10,none,3.59,4,41.76,1.7,2,9,1,False,False
EMP-20017,Operations,5,38,F,married,master,9,9,13063,19,3.16,3.26,6,0,21.6,0,0,4,2,2015-02-21,2018-08-25,False,0.6,8,13,rare,3.15,4,81.64,5.0,1,21,6,False,False
EMP-20018,Operations,1,40,F,divorced,bachelor,9,6,7782,26,4.65,2.11,2,2,38.4,2,0,1,4,2015-02-24,2018-08-30,False,0.6,1,19,frequent,4.84,4,48.64,12.2,1,22,2,False,False
EMP-20019,Sales,2,26,F,married,phd,16,14,9215,7,4.72,4.19,1,2,45.1,1,2,1,3,2015-02-27,2018-09-04,False,0.0,13,4,none,4.98,1,57.59,10.5,3,21,1,False,False
EMP-20020,Finance,2,45,F,divorced,college,2,0,7581,20,4.57,2.08,7,2,49.0,5,3,2,1,2015-03-02,2018-09-09,False,0.1,12,12,none,5.0,3,47.38,13.9,4,14,7,False,False
EMP-20021,Operations,3,52,M,single,master,10,7,11776,0,3.71,3.89,7,1,19.2,4,3,2,2,2015-03-05,2018-09-14,False,0.0,3,12,none,3.74,4,73.6,18.2,1,22,7,False,False
EMP-20022,Sales,2,33,M,married,master,17,15,8948,31,3.96,3.02,3,3,51.6,5,2,3,1,2015-03-08,2018-09-19,False,0.9,9,4,rare,3.67,1,55.92,8.8,1,22,3,False,False
EMP-20023,Operations,5,36,F,married,college,0,0,12096,25,2.89,3.05,3,2,18.9,5,3,3,4,2015-03-11,2018-09-24,False,0.8,2,13,rare,2.83,3,75.6,10.1,1,6,3,False,False
EMP-20024,IT,4,25,M,single,bachelor,2,1,9897,21,3.65,2.77,3,0,19.0,5,0,8,2,2015-03-14,2018-09-29,False,0.4,2,4,none,3.52,1,61.86,6.8,4,11,3,False,False
EMP-20025,Finance,4,42,F,married,bachelor,13,11,11398,20,3.37,3.98,1,1,48.6,3,0,9,2,2015-03-17,2018-10-04,False,0.8,9,14,rare,3.58,2,71.24,8.5,3,26,1,False,False
EMP-20026,R&D,4,37,F,single,bachelor,0,0,8562,23,2.77,2.63,0,2,58.2,1,0,2,2,2015-03-20,2018-10-09,False,1.3,12,6,rare,2.34,4,53.51,1.3,2,11,0,False,False
EMP-20027,R&D,4,52,M,single,bachelor,4,2,11312,14,3.77,2.3,2,0,56.0,0,0,4,3,2015-03-23,2018-10-14,False,0.7,12,5,none,3.7,3,70.7,14.5,3,16,2,False,False
EMP-20028,R&D,4,54,F,single,bachelor,19,15,11466,33,2.87,2.58,3,1,7.6,0,3,5,4,2015-03-26,2018-10-19,False,3.3,5,4,none,3.52,2,71.66,4.3,1,30,3,False,False
EMP-20029,Operations,4,49,F,single,master,11,9,12242,7,2.56,2.76,1,3,18.0,1,0,3,4,2015-03-29,2018-10-24,False,0.1,13,10,none,2.63,4,76.51,17.9,4,13,1,False,False
EMP-20030,HR,4,29,F,single,master,0,0,10166,28,2.71,2.18,0,1,45.8,5,1,3,4,2015-04-01,2018-10-29,False,8.3,8,7,frequent,2.29,1,63.54,1.1,1,3,0,False,False
EMP-20031,Operations,5,29,F,married,bachelor,15,14,13902,26,3.23,3.01,7,2,48.6,1,3,7,2,2015-04-04,2018-11-03,False,0.3,6,10,none,3.09,2,86.89,1.5,3,28,7,False,False
EMP-20032,Sales,1,39,M,single,bachelor,9,7,5846,29,3.36,2.32,7,2,30.8,0,3,4,3,2015-04-07,2018-11-08,False,1.0,5,18,none,2.47,2,36.54,7.1,1,15,7,False,False
EMP-20033,Finance,3,44,F,single,bachelor,8,6,10469,2,4.25,4.19,2,1,2.0,5,0,7,3,2015-04-10,2018-11-13,False,0.0,11,17,rare,4.23,3,65.43,11.0,1,10,2,False,False
EMP-20034,Finance,1,23,F,single,master,16,13,7688,15,3.3,2.67,4,3,30.6,2,0,1,2,2015-04-13,2018-11-18,False,0.2,6,15,rare,3.96,2,48.05,17.3,3,20,4,False,False
EMP-20035,Finance,1,39,F,married,bachelor,5,4,5377,22,3.62,3.33,1,0,2.8,2,0,5,4,2015-04-16,2018-11-23,False,1.2,6,10,rare,3.15,2,33.61,17.3,3,12,1,False,False
EMP-20036,HR,5,25,F,single,bachelor,4,1,11761,21,2.85,2.1,7,1,17.6,1,0,3,4,2015-04-19,2018-11-28,False,1.5,6,4,rare,2.27,3,73.51,24.3,2,12,7,False,False
EMP-20037,Sales,3,31,M,married,bachelor,9,8,10219,24,2.97,3.46,6,2,39.8,5,1,3,4,2015-04-22,2018-12-03,False,1.5,5,9,rare,2.71,1,63.87,8.8,3,11,6,False,False
EMP-20038,Sales,4,34,F,single,master,2,2,9660,22,2.61,2.66,1,0,8.9,2,1,5,4,2015-04-25,2018-12-08,False,3.9,6,3,rare,2.98,1,60.38,1.5,4,5,1,False,False
EMP-20039,Sales,4,23,F,single,bachelor,0,0,8956,7,4.17,4.42,1,3,43.0,5,3,3,1,2015-04-28,2018-12-13,False,0.0,1,5,frequent,4.85,1,55.98,21.5,2,5,1,False,False
EMP-20040,HR,1,31,F,married,master,0,0,5199,28,3.44,2.18,2,0,37.7,5,1,7,1,2015-05-01,2018-12-18,False,3.2,13,8,rare,3.62,2,32.49,18.3,4,3,2,False,False
EMP-20041,IT,3,44,F,married,phd,5,4,9975,16,3.56,4.16,0,2,26.4,2,1,2,3,2015-05-04,2018-12-23,False,0.3,4,14,rare,3.05,1,62.34,1.7,1,19,0,False,False
EMP-20042,R&D,1,57,F,married,master,1,1,4596,33,4.26,1.87,2,2,23.0,4,1,9,3,2015-05-07,2018-12-28,False,3.1,7,16,none,4.25,1,28.72,2.1,4,1,2,False,False
EMP-20043,IT,2,50,F,married,bachelor,10,10,8124,18,3.76,2.2,5,3,55.0,0,2,4,2,2015-05-10,2019-01-02,False,0.2,3,13,rare,4.48,3,50.78,11.9,4,21,5,False,False
EMP-20044,Operations,1,33,M,single,master,17,15,6507,18,4.35,3.12,5,0,33.6,4,1,5,1,2015-05-13,2019-01-07,False,0.4,8,7,frequent,4.23,3,40.67,8.5,2,21,5,True,False
EMP-20045,Sales,4,55,M,single,bachelor,5,3,11378,20,3.26,3.62,0,0,53.4,5,0,2,2,2015-05-16,2019-01-12,False,0.8,4,15,none,3.32,1,71.11,14.9,1,13,0,False,False
EMP-20046,R&D,1,37,F,married,phd,0,0,5676,30,2.94,2.9,2,2,25.3,1,1,9,1,2015-05-19,2019-01-17,False,2.9,3,19,none,3.04,2,35.48,5.5,2,4,2,False,False
EMP-20047,Operations,3,34,M,single,master,0,0,8190,31,2.17,3.03,6,3,36.1,0,2,6,1,2015-05-22,2019-01-22,False,1.5,5,14,rare,1.55,3,51.19,24.0,2,14,6,False,False
EMP-20048,R&D,2,52,M,married,bachelor,3,1,6138,20,3.54,3.41,6,3,57.3,0,1,7,1,2015-05-25,2019-01-27,False,0.2,13,15,frequent,3.94,4,38.36,12.8,3,17,6,False,False
EMP-20049,R&D,5,36,M,married,bachelor,9,9,11914,19,1.39,2.64,4,0,8.3,5,2,9,3,2015-05-28,2019-02-01,False,3.0,13,17,none,1.73,4,74.46,18.8,1,14,4,False,False
EMP-20050,Operations,4,48,F,single,master,8,6,11901,1,4.02,4.33,5,1,16.5,1,1,9,3,2015-05-31,2019-02-06,False,0.0,12,15,frequent,3.22,1,74.38,3.1,1,8,5,True,False
EMP-20051,IT,2,27,F,single,master,5,4,6291,2,4.31,3.95,1,1,55.1,2,3,3,2,2015-06-03,2019-02-11,False,0.1,3,17,none,3.78,4,39.32,15.4,4,7,1,False,False
EMP-20052,Finance,2,33,M,married,bachelor,13,10,8458,25,3.07,2.4,6,3,25.9,2,3,3,3,2015-06-06,2019-02-16,False,0.5,10,8,frequent,2.68,2,52.86,21.6,4,23,6,False,False
EMP-20053,Sales,4,57,F,married,master,7,5,11662,12,3.36,3.49,3,2,17.1,1,2,3,3,2015-06-09,2019-02-21,False,0.3,12,8,frequent,3.66,2,72.89,0.6,3,19,3,False,False
EMP-20054,R&D,4,30,F,divorced,bachelor,10,10,10999,15,2.55,3.22,5,1,59.8,0,3,5,1,2015-06-12,2019-02-26,False,2.3,10,5,rare,2.25,3,68.74,13.5,4,10,5,True,False
EMP-20055,R&D,3,52,F,single,phd,19,15,10547,21,4.04,3.66,2,0,7.0,2,0,9,2,2015-06-15,2019-03-03,False,0.3,13,6,frequent,4.2,1,65.92,6.2,4,19,2,False,False
EMP-20056,Sales,1,38,F,divorced,phd,1,1,5719,7,3.87,3.39,1,2,37.1,5,2,7,1,2015-06-18,2019-03-08,False,0.2,3,12,frequent,3.8,2,35.74,12.0,4,8,1,True,False
EMP-20057,Operations,1,56,F,single,bachelor,2,0,4393,11,3.33,3.17,4,1,47.5,2,1,6,1,2015-06-21,2019-03-13,False,0.3,7,18,frequent,3.36,2,27.46,20.4,4,14,4,False,False
EMP-20058,Sales,4,36,M,single,bachelor,2,1,9712,1,4.19,3.6,4,0,47.4,4,3,5,1,2015-06-24,2019-03-18,False,0.3,5,6,rare,4.39,3,60.7,17.3,1,13,4,False,False
EMP-20059,Operations,3,39,M,married,bachelor,2,1,8452,26,3.08,3.65,4,0,27.1,4,0,7,4,2015-06-27,2019-03-23,False,2.2,11,15,rare,3.19,1,52.82,18.9,4,2,4,False,False
EMP-20060,Finance,5,36,M,divorced,phd,14,12,14702,17,2.85,2.83,6,2,3.6,4,0,5,4,2015-06-30,2019-03-28,False,0.4,2,4,none,2.84,1,91.89,5.3,4,28,6,False,False
EMP-20061,Finance,1,29,M,married,bachelor,15,12,7889,6,3.83,4.35,6,2,50.6,3,0,9,1,2015-07-03,2019-04-02,False,0.1,5,19,none,3.96,2,49.31,20.8,1,19,6,False,False
EMP-20062,R&D,1,52,F,married,bachelor,11,9,6041,20,3.55,2.48,2,1,48.4,2,2,6,4,2015-07-06,2019-04-07,False,1.5,10,11,rare,3.64,4,37.76,15.3,1,14,2,False,False
EMP-20063,Sales,4,42,F,married,master,1,1,9750,5,4.51,4.0,3,3,15.0,1,3,6,2,2015-07-09,2019-04-12,False,0.0,1,11,none,4.43,3,60.94,1.7,2,6,3,False,False
EMP-20064,Operations,5,40,F,divorced,bachelor,16,15,14771,27,2.95,2.78,0,2,21.1,1,3,7,1,2015-07-12,2019-04-17,False,0.9,4,9,frequent,2.78,3,92.32,21.6,4,27,0,False,False
EMP-20065,Operations,4,35,M,married,bachelor,16,14,10785,8,3.56,4.22,6,2,31.2,3,1,7,1,2015-07-15,2019-04-22,False,0.1,10,19,none,4.31,3,67.41,1.4,4,20,6,True,False
EMP-20066,Sales,1,49,F,married,master,8,8,5958,9,4.5,4.09,1,0,7.7,2,0,5,4,2015-07-18,2019-04-27,False,0.1,4,10,none,4.32,3,37.24,0.7,3,17,1,False,False
EMP-20067,HR,1,34,F,married,master,11,10,6085,30,3.17,2.54,0,1,49.4,2,3,4,2,2015-07-21,2019-05-02,False,3.4,9,5,none,3.72,1,38.03,20.8,4,14,0,False,False
EMP-20068,IT,5,30,M,married,master,10,9,14235,26,2.95,2.43,4,3,55.4,2,2,4,3,2015-07-24,2019-05-07,True,2.8,6,12,none,2.68,4,88.97,0.3,1,11,4,False,True
EMP-20069,Finance,3,24,F,divorced,bachelor,7,6,10356,23,3.22,3.66,7,1,19.2,5,0,9,2,2015-07-27,2019-05-12,False,0.5,7,13,none,3.54,1,64.72,2.2,4,8,7,False,False
EMP-20070,R&D,3,53,M,married,master,7,4,8486,21,3.56,2.63,3,2,55.5,3,2,1,2,2015-07-30,2019-05-17,False,0.8,6,15,rare,4.27,3,53.04,0.4,4,13,3,False,False
EMP-20071,IT,5,24,M,single,master,2,0,12374,18,2.76,1.97,1,3,48.3,5,3,7,4,2015-08-02,2019-05-22,False,0.3,13,11,none,2.62,4,77.34,22.0,4,2,1,False,False
EMP-20072,IT,2,52,M,divorced,bachelor,5,2,6744,6,3.28,2.77,1,2,43.9,5,3,9,4,2015-08-05,2019-05-27,False,0.2,11,7,frequent,3.01,3,42.15,1.1,2,13,1,False,False
EMP-20073,HR,2,35,F,married,college,5,2,6965,10,4.34,2.69,6,2,58.2,3,3,1,3,2015-08-08,2019-06-01,False,0.1,11,3,rare,4.17,4,43.53,9.3,3,16,6,False,False
EMP-20074,Sales,4,22,M,married,bachelor,12,9,12134,33,3.48,2.65,5,0,20.2,0,3,6,4,2015-08-11,2019-06-06,False,2.1,12,19,rare,3.47,1,75.84,5.4,2,20,5,False,False
EMP-20075,Sales,5,55,F,married,bachelor,16,15,13652,32,1.81,3.51,3,1,55.0,5,2,6,1,2015-08-14,2019-06-11,True,10.4,6,6,rare,1.94,3,85.32,8.5,2,22,3,False,True
EMP-20076,Finance,2,48,M,single,phd,1,0,6875,25,3.31,1.73,7,0,6.8,2,2,4,4,2015-08-17,2019-06-16,False,1.1,2,8,none,3.29,1,42.97,7.3,4,3,7,False,False
EMP-20077,HR,1,48,F,married,bachelor,0,0,5566,31,2.84,2.06,0,0,29.2,2,0,1,1,2015-08-20,2019-06-21,False,8.4,1,5,none,2.67,3,34.79,22.2,3,2,0,False,False
EMP-20078,Operations,1,41,M,single,college,8,5,6972,28,3.76,2.64,4,2,33.6,2,2,7,1,2015-08-23,2019-06-26,False,0.6,7,7,frequent,4.54,1,43.58,19.2,4,9,4,True,False
EMP-20079,HR,1,49,F,divorced,bachelor,15,12,6831,13,3.98,4.12,2,0,8.2,0,3,5,4,2015-08-26,2019-07-01,False,0.1,13,4,rare,3.9,3,42.69,22.1,2,16,2,False,False
EMP-20080,Finance,2,26,F,married,bachelor,8,8,7654,25,5.0,2.36,1,1,44.5,3,3,7,2,2015-08-29,2019-07-06,False,0.3,7,8,none,4.75,2,47.84,18.0,1,16,1,False,False
EMP-20081,Sales,3,30,F,married,bachelor,14,14,9194,26,2.83,3.0,7,1,29.0,0,3,1,1,2015-09-01,2019-07-11,False,3.5,14,19,rare,3.16,1,57.46,8.3,1,18,7,False,False
EMP-20082,Sales,3,41,M,single,bachelor,13,13,11229,4,4.81,3.67,7,1,27.9,4,0,9,1,2015-09-04,2019-07-16,False,0.0,8,6,none,5.0,4,70.18,4.6,3,22,7,False,False
EMP-20083,HR,2,48,F,divorced,college,13,10,8557,31,3.94,3.75,6,2,35.3,5,0,6,1,2015-09-07,2019-07-21,False,0.1,9,19,none,4.5,4,53.48,13.2,2,18,6,False,False
EMP-20084,Operations,4,43,M,married,college,9,6,11389,17,3.54,3.22,1,1,8.9,2,3,4,4,2015-09-10,2019-07-26,False,0.7,2,13,none,4.31,1,71.18,8.9,2,13,1,False,False
EMP-20085,R&D,5,36,M,married,master,0,0,12068,10,3.37,3.68,5,3,12.8,2,3,5,1,2015-09-13,2019-07-31,False,0.0,11,18,rare,3.51,1,75.42,16.1,1,6,5,False,False
EMP-20086,IT,2,46,F,divorced,bachelor,2,2,7129,16,3.62,3.24,2,1,11.7,4,2,9,4,2015-09-16,2019-08-05,False,0.3,13,13,none,3.5,1,44.56,1.0,4,7,2,False,False
EMP-20087,Finance,4,24,F,married,master,11,10,12137,11,3.47,3.24,3,3,57.2,5,3,5,4,2015-09-19,2019-08-10,False,0.1,8,19,rare,2.71,3,75.86,17.8,1,12,3,False,False
EMP-20088,Finance,3,40,M,divorced,bachelor,5,3,9716,11,4.29,3.92,1,3,46.6,0,2,6,1,2015-09-22,2019-08-15,False,0.1,13,12,none,3.91,4,60.72,7.5,3,5,1,False,False
EMP-20089,IT,4,36,F,married,bachelor,12,12,12929,19,2.62,2.47,4,1,32.2,2,0,6,3,2015-09-25,2019-08-20,False,1.2,4,17,none,2.7,1,80.81,11.6,2,26,4,False,False
EMP-20090,Operations,1,39,F,single,bachelor,5,4,5594,34,2.89,1.3,6,3,39.9,1,2,3,3,2015-09-28,2019-08-25,False,7.7,7,3,none,2.42,2,34.96,24.5,4,6,6,False,False
EMP-20091,Sales,4,26,F,married,bachelor,0,0,11603,14,3.17,3.22,1,1,39.3,0,1,3,2,2015-10-01,2019-08-30,False,0.7,13,18,rare,2.54,3,72.52,5.4,3,4,1,False,False
EMP-20092,R&D,4,54,M,divorced,bachelor,13,10,12606,7,2.58,4.06,4,3,16.5,0,3,7,3,2015-10-04,2019-09-04,False,0.1,9,3,frequent,2.61,2,78.79,2.9,1,19,4,False,False
EMP-20093,Finance,4,52,M,married,master,17,15,12192,26,3.38,2.41,5,3,6.1,3,1,3,1,2015-10-07,2019-09-09,False,0.3,10,6,rare,3.69,4,76.2,5.2,3,23,5,False,False
EMP-20094,IT,5,55,M,married,bachelor,8,8,11626,10,3.99,3.59,5,1,33.7,4,0,1,4,2015-10-10,2019-09-14,False,0.1,6,15,none,3.89,4,72.66,8.8,1,19,5,False,False
EMP-20095,Operations,4,52,M,single,bachelor,2,1,10508,18,2.8,2.49,2,1,16.5,3,1,5,4,2015-10-13,2019-09-19,False,0.3,8,7,none,3.16,3,65.68,13.4,3,12,2,False,False
EMP-20096,IT,5,45,M,married,bachelor,7,6,14087,8,4.05,4.13,0,3,52.5,1,1,1,1,2015-10-16,2019-09-24,False,0.1,6,3,none,4.3,3,88.04,24.5,1,16,0,False,False
EMP-20097,Operations,4,32,F,married,master,17,14,11620,7,2.67,3.98,6,2,14.9,2,3,6,1,2015-10-19,2019-09-29,False,0.4,10,17,frequent,3.13,2,72.62,21.7,3,21,6,False,False
EMP-20098,Operations,3,26,M,divorced,master,3,0,8826,8,3.74,3.61,4,2,34.8,5,0,6,2,2015-10-22,2019-10-04,False,0.0,1,11,rare,4.61,2,55.16,17.9,2,17,4,False,False
EMP-20099,Finance,5,44,F,single,bachelor,0,0,12132,12,3.19,3.48,5,2,25.8,5,3,9,2,2015-10-25,2019-10-09,False,0.2,8,11,frequent,4.24,3,75.82,18.0,2,1,5,False,False
EMP-20100,Sales,4,56,M,single,phd,15,14,12754,33,2.63,1.65,4,0,44.8,0,0,6,4,2015-10-28,2019-10-14,False,12.2,14,8,none,2.92,1,79.71,7.1,4,19,4,True,False
EMP-20101,HR,3,35,F,single,master,2,0,8330,23,3.18,2.18,3,0,57.1,3,0,4,4,2015-10-31,2019-10-19,False,7.2,1,15,rare,3.0,3,52.06,23.2,2,7,3,False,False
EMP-20102,Finance,3,57,F,single,bachelor,0,0,7704,24,3.04,2.74,2,3,25.3,3,1,6,1,2015-11-03,2019-10-24,False,0.3,7,8,rare,3.06,1,48.15,13.5,1,5,2,False,False
EMP-20103,Operations,2,27,M,married,bachelor,10,10,8256,1,3.93,4.21,5,1,3.6,2,2,6,1,2015-11-06,2019-10-29,False,0.0,10,12,rare,4.56,3,51.6,4.1,3,18,5,False,False
EMP-20104,Finance,4,32,M,married,college,4,3,10085,0,3.83,4.28,6,3,40.0,2,3,7,3,2015-11-09,2019-11-03,False,0.0,2,5,rare,3.47,3,63.03,23.8,4,4,6,False,False
EMP-20105,HR,3,45,F,single,bachelor,1,0,7052,11,4.43,3.27,2,1,8.6,4,2,9,2,2015-11-12,2019-11-08,False,0.1,1,8,none,5.0,2,44.08,12.7,1,13,2,False,False
EMP-20106,Operations,1,39,M,married,bachelor,0,0,6272,31,2.76,2.82,0,3,7.2,5,0,1,4,2015-11-15,2019-11-13,False,0.7,3,3,rare,2.69,2,39.2,3.9,2,2,0,False,False
EMP-20107,Operations,3,49,F,married,master,3,2,9502,0,5.0,4.71,1,2,40.0,1,1,7,3,2015-11-18,2019-11-18,False,0.0,4,7,frequent,5.0,3,59.39,18.4,3,8,1,False,False
EMP-20108,Operations,5,34,F,married,bachelor,0,0,13507,26,2.33,2.66,4,0,7.1,5,3,8,2,2015-11-21,2019-11-23,False,1.9,13,9,none,2.01,3,84.42,5.8,1,8,4,False,False
EMP-20109,Sales,2,49,F,divorced,master,0,0,7299,28,3.22,2.75,1,1,8.6,5,2,3,3,2015-11-24,2019-11-28,False,1.4,3,15,rare,2.69,3,45.62,4.7,4,13,1,False,False
EMP-20110,HR,4,32,F,married,master,5,4,11344,9,3.88,3.45,6,3,26.9,0,0,4,2,2015-11-27,2019-12-03,False,0.1,9,16,frequent,3.77,4,70.9,6.7,1,13,6,False,False
EMP-20111,HR,3,27,F,single,phd,13,10,10256,4,3.71,3.74,2,0,27.7,1,2,4,2,2015-11-30,2019-12-08,False,0.1,5,12,rare,4.23,1,64.1,14.5,2,21,2,False,False
EMP-20112,Operations,2,42,F,divorced,master,6,4,7171,5,4.83,3.83,3,0,54.9,2,2,4,3,2015-12-03,2019-12-13,False,0.1,8,18,rare,4.55,1,44.82,7.3,3,9,3,False,False
EMP-20113,Operations,2,40,M,single,master,0,0,7010,2,4.45,4.75,1,0,17.3,3,1,8,2,2015-12-06,2019-12-18,False,0.0,13,9,none,5.0,3,43.81,1.0,4,10,1,False,False
EMP-20114,R&D,5,42,F,divorced,bachelor,16,14,13477,29,2.47,3.01,3,2,24.7,1,2,3,3,2015-12-09,2019-12-23,False,2.6,13,11,rare,2.24,1,84.23,9.7,2,24,3,False,False
EMP-20115,Sales,1,22,F,married,phd,9,6,5025,27,4.09,3.06,5,3,42.7,2,1,4,2,2015-12-12,2019-12-28,False,1.3,2,13,frequent,3.66,1,31.41,5.9,2,9,5,False,False
EMP-20116,Operations,4,36,M,divorced,bachelor,17,14,11974,23,2.37,2.62,6,3,49.8,0,0,6,3,2015-12-15,2020-01-02,False,1.0,2,6,frequent,2.47,2,74.84,12.8,4,23,6,False,False
EMP-20117,R&D,5,25,M,single,bachelor,8,8,13993,3,3.29,3.4,5,3,21.6,0,3,3,2,2015-12-18,2020-01-07,False,0.1,6,10,none,3.56,3,87.46,11.5,3,21,5,False,False
EMP-20118,IT,1,50,M,married,college,9,6,4894,33,3.37,2.54,4,3,38.2,2,1,7,3,2015-12-21,2020-01-12,False,1.0,12,18,frequent,3.45,1,30.59,2.0,1,21,4,False,False
EMP-20119,IT,4,24,F,divorced,college,7,7,10067,23,3.46,3.47,3,3,37.8,3,1,5,2,2015-12-24,2020-01-17,False,0.1,11,11,none,3.52,2,62.92,6.1,4,10,3,False,False
EMP-20120,IT,4,55,M,married,master,0,0,10673,28,2.97,3.46,2,2,18.9,2,0,2,1,2015-12-27,2020-01-22,False,1.8,9,18,rare,3.61,1,66.71,7.0,1,11,2,False,False
EMP-20121,Finance,2,24,M,divorced,master,4,4,6748,13,3.6,2.12,7,3,8.0,2,1,2,2,2015-12-30,2020-01-27,False,0.1,13,14,none,3.64,4,42.18,12.1,3,8,7,False,False
EMP-20122,HR,1,43,M,single,bachelor,7,7,6028,6,3.96,4.92,5,2,41.3,2,2,1,2,2016-01-02,2020-02-01,False,0.0,3,5,none,3.77,4,37.67,20.6,4,18,5,False,False
EMP-20123,IT,5,34,F,married,master,3,1,13152,28,3.31,2.81,7,0,16.8,3,3,6,2,2016-01-05,2020-02-06,False,0.5,11,10,rare,2.86,1,82.2,5.5,3,10,7,False,False
EMP-20124,Finance,1,25,M,married,bachelor,13,13,6729,1,4.45,4.4,5,0,19.8,4,3,8,2,2016-01-08,2020-02-11,False,0.0,14,9,rare,4.96,2,42.06,4.0,4,17,5,False,False
EMP-20125,Operations,5,34,M,single,bachelor,17,15,13534,6,2.99,2.83,0,0,34.8,3,3,9,2,2016-01-11,2020-02-16,False,0.4,14,19,frequent,2.82,2,84.59,0.0,3,31,0,False,False
EMP-20126,R&D,4,23,F,married,bachelor,6,5,11946,5,3.14,3.63,2,1,10.5,0,3,6,2,2016-01-14,2020-02-21,False,0.2,10,8,none,3.01,2,74.66,15.2,3,9,2,False,False
EMP-20127,Operations,5,47,M,married,phd,14,11,14274,2,4.58,4.31,3,1,15.2,0,2,9,2,2016-01-17,2020-02-26,False,0.0,10,11,frequent,5.0,1,89.21,8.1,1,19,3,False,False
EMP-20128,R&D,2,53,M,married,college,4,1,7101,19,3.01,2.46,2,2,27.3,2,3,9,2,2016-01-20,2020-03-02,False,0.6,4,14,rare,3.83,2,44.38,16.8,1,17,2,False,False
EMP-20129,Finance,1,33,F,single,college,16,13,6703,7,4.23,2.21,7,2,52.8,1,1,6,3,2016-01-23,2020-03-07,False,0.1,11,19,none,4.33,4,41.89,17.3,3,19,7,False,False
EMP-20130,Operations,4,37,M,married,master,12,12,11939,33,3.39,2.52,3,1,46.6,3,2,4,2,2016-01-26,2020-03-12,False,4.7,4,12,none,3.34,1,74.62,1.1,3,14,3,False,False
EMP-20131,HR,2,27,M,divorced,bachelor,11,11,7670,32,3.25,2.38,1,2,19.7,4,2,8,3,2016-01-29,2020-03-17,False,2.4,6,17,rare,3.25,1,47.94,10.5,3,25,1,False,False
EMP-20132,R&D,3,39,F,married,bachelor,10,9,8295,5,3.4,4.47,4,3,18.8,1,1,6,2,2016-02-01,2020-03-22,False,0.0,2,4,frequent,3.22,2,51.84,24.2,1,17,4,False,False
EMP-20133,R&D,3,56,M,married,bachelor,16,15,10920,29,2.28,2.47,3,0,59.3,2,2,8,4,2016-02-04,2020-03-27,False,12.6,5,18,none,2.14,2,68.25,6.9,1,28,3,False,False
EMP-20134,Operations,2,41,M,divorced,bachelor,9,9,8233,1,5.0,3.91,1,1,39.5,1,2,3,2,2016-02-07,2020-04-01,False,0.0,2,6,rare,4.86,2,51.46,13.2,1,10,1,False,False
EMP-20135,HR,4,53,F,single,master,19,15,10639,10,2.88,3.85,7,3,41.4,2,1,9,3,2016-02-10,2020-04-06,False,0.1,7,15,rare,3.24,1,66.49,13.4,1,28,7,False,False
EMP-20136,Sales,3,50,F,married,bachelor,13,12,10369,23,2.8,3.37,7,3,4.3,2,3,4,2,2016-02-13,2020-04-11,False,0.3,2,12,rare,2.76,1,64.81,6.5,1,14,7,False,False
EMP-20137,Sales,4,26,M,divorced,phd,6,5,12325,7,3.84,3.3,6,1,7.2,0,0,8,3,2016-02-16,2020-04-16,False,0.1,11,13,rare,4.38,4,77.03,19.5,4,12,6,False,False
EMP-20138,IT,4,23,F,married,bachelor,1,1,9418,2,3.69,4.37,2,2,18.4,3,1,4,3,2016-02-19,2020-04-21,False,0.0,10,4,frequent,3.64,1,58.86,0.1,4,4,2,False,False
EMP-20139,IT,4,35,F,single,bachelor,16,15,12061,5,4.04,3.49,6,2,50.7,1,1,9,1,2016-02-22,2020-04-26,True,0.1,10,12,none,3.89,2,75.38,5.7,1,22,6,False,True
EMP-20140,HR,2,55,F,married,master,1,0,6574,23,2.4,2.86,2,2,54.7,4,3,7,3,2016-02-25,2020-05-01,False,7.5,10,4,none,2.91,4,41.09,14.8,2,6,2,False,False
EMP-20141,IT,4,28,F,married,master,0,0,11528,7,3.49,3.99,7,3,12.3,4,2,3,4,2016-02-28,2020-05-06,False,0.0,11,12,none,3.5,3,72.05,22.9,4,14,7,False,False
EMP-20142,R&D,2,23,F,married,bachelor,0,0,7497,8,4.29,4.02,7,0,43.1,1,3,2,2,2016-03-02,2020-05-11,False,0.1,10,9,frequent,4.24,1,46.86,0.2,2,9,7,False,False
EMP-20143,Finance,5,56,M,single,master,2,0,11537,7,3.88,3.81,1,2,52.6,5,3,2,3,2016-03-05,2020-05-16,False,0.1,9,6,rare,3.89,1,72.11,15.0,2,3,1,True,False
EMP-20144,Operations,5,29,F,single,master,2,0,12514,30,2.21,1.96,2,0,52.9,0,1,4,1,2016-03-08,2020-05-21,False,15.8,3,11,none,2.8,2,78.21,0.1,2,9,2,False,False
EMP-20145,HR,3,34,M,married,bachelor,7,5,11082,31,2.2,1.51,5,3,28.1,3,2,1,4,2016-03-11,2020-05-26,False,1.4,11,6,rare,2.32,2,69.26,15.6,2,18,5,False,False
EMP-20146,Sales,1,50,M,married,master,5,3,4900,28,3.36,2.51,1,2,16.3,4,0,5,4,2016-03-14,2020-05-31,False,5.4,7,4,rare,3.86,4,30.62,10.3,3,12,1,False,False
EMP-20147,Sales,5,25,F,divorced,college,6,6,12711,0,2.96,4.49,6,2,57.4,3,0,6,4,2016-03-17,2020-06-05,False,0.2,3,3,none,2.87,1,79.44,10.9,3,15,6,False,False
EMP-20148,R&D,3,28,M,married,bachelor,5,4,9411,8,4.5,3.82,5,3,17.3,3,1,7,3,2016-03-20,2020-06-10,False,0.0,7,8,none,4.94,1,58.82,24.2,3,12,5,False,False
EMP-20149,IT,5,48,F,married,bachelor,7,7,12352,30,2.64,2.62,1,3,15.9,2,1,9,1,2016-03-23,2020-06-15,False,1.3,5,15,rare,2.74,3,77.2,17.1,3,21,1,False,False
EMP-20150,Operations,1,22,M,single,bachelor,0,0,6211,19,3.17,3.05,6,3,13.1,0,2,8,2,2016-03-26,2020-06-20,False,0.1,3,12,rare,3.52,4,38.82,4.9,2,9,6,False,False
EMP-20151,Sales,2,47,M,married,master,9,6,7302,1,3.53,4.1,0,3,32.4,4,2,9,4,2016-03-29,2020-06-25,False,0.1,8,5,none,3.92,1,45.64,24.9,2,17,0,False,False
EMP-20152,Sales,2,41,M,divorced,college,4,2,5969,8,3.5,3.1,3,2,7.3,5,0,6,1,2016-04-01,2020-06-30,False,0.2,13,10,none,3.12,4,37.31,6.4,4,18,3,False,False
EMP-20153,IT,5,30,F,married,bachelor,8,8,12540,28,1.69,2.99,1,1,34.7,4,1,8,3,2016-04-04,2020-07-05,False,6.8,1,12,none,1.72,4,78.38,17.1,2,12,1,False,False
EMP-20154,HR,3,44,M,single,phd,0,0,8922,30,3.15,2.92,0,1,56.7,0,1,7,1,2016-04-07,2020-07-10,False,2.1,2,6,rare,3.53,2,55.76,17.0,4,11,0,False,False
EMP-20155,IT,1,33,M,divorced,phd,15,12,5961,14,3.31,3.12,5,1,30.8,1,0,8,3,2016-04-10,2020-07-15,False,0.4,13,5,none,3.76,2,37.26,21.2,2,26,5,False,False
EMP-20156,R&D,4,56,F,married,bachelor,14,14,12122,5,3.94,3.97,1,2,58.0,4,2,4,3,2016-04-13,2020-07-20,False,0.2,10,7,none,4.44,4,75.76,10.0,2,19,1,False,False
EMP-20157,IT,1,36,M,married,master,4,2,5730,2,4.59,3.04,5,3,54.4,4,3,5,2,2016-04-16,2020-07-25,False,0.0,4,4,none,4.63,3,35.81,17.4,3,18,5,False,False
EMP-20158,Sales,3,48,M,married,college,6,5,8153,7,4.35,3.74,0,1,47.7,2,3,9,3,2016-04-19,2020-07-30,False,0.0,6,7,frequent,4.97,3,50.96,15.6,2,10,0,False,False
EMP-20159,IT,5,31,M,divorced,college,4,1,12029,27,2.82,2.58,7,2,36.9,1,3,5,2,2016-04-22,2020-08-04,False,1.0,2,12,rare,2.56,2,75.18,10.9,2,17,7,False,False
EMP-20160,R&D,3,52,M,married,master,19,15,10959,28,3.61,3.23,7,1,53.0,2,3,6,3,2016-04-25,2020-08-09,False,2.6,12,16,none,3.01,4,68.49,22.9,2,19,7,False,False
EMP-20161,Finance,3,32,F,married,bachelor,12,9,10402,8,4.56,3.5,2,2,33.7,0,3,6,4,2016-04-28,2020-08-14,False,0.1,10,17,rare,4.45,2,65.01,6.3,3,16,2,False,False
EMP-20162,Finance,1,40,F,married,bachelor,8,6,5329,34,3.14,2.73,3,3,13.2,0,0,2,2,2016-05-01,2020-08-19,False,1.2,4,14,rare,3.62,2,33.31,5.6,1,12,3,False,False
EMP-20163,Finance,3,50,M,single,bachelor,12,9,9961,30,3.04,2.3,4,1,55.6,0,1,1,1,2016-05-04,2020-08-24,False,3.4,3,9,frequent,2.61,4,62.26,15.8,2,17,4,False,False
EMP-20164,R&D,5,55,F,married,master,1,0,11893,34,2.06,1.16,4,1,30.6,4,2,7,4,2016-05-07,2020-08-29,False,15.3,10,18,frequent,1.47,3,74.33,4.8,4,7,4,False,False
EMP-20165,IT,5,49,M,married,bachelor,16,14,14502,26,2.12,2.59,0,0,54.6,0,3,8,3,2016-05-10,2020-09-03,False,4.3,8,18,rare,1.43,4,90.64,20.7,2,27,0,False,False
EMP-20166,Operations,5,46,M,married,master,10,9,13616,20,3.72,3.1,7,1,24.2,3,1,6,2,2016-05-13,2020-09-08,False,0.2,11,9,rare,4.01,4,85.1,8.5,3,16,7,False,False
EMP-20167,Operations,2,46,F,single,master,5,3,6901,34,3.2,2.38,7,1,20.8,1,2,6,1,2016-05-16,2020-09-13,False,1.8,4,3,none,2.62,3,43.13,10.5,2,13,7,False,False
EMP-20168,IT,1,36,M,single,bachelor,11,9,6503,24,3.8,2.88,3,0,46.2,4,3,1,1,2016-05-19,2020-09-18,False,2.4,14,10,rare,4.02,1,40.64,17.1,4,12,3,False,False
EMP-20169,IT,2,46,M,single,college,0,0,6270,29,2.69,2.3,4,3,38.4,0,2,2,2,2016-05-22,2020-09-23,False,1.3,3,10,rare,2.56,4,39.19,22.1,1,0,4,False,False
EMP-20170,Finance,2,42,F,divorced,bachelor,8,5,7926,14,4.61,3.14,1,3,26.9,5,0,7,4,2016-05-25,2020-09-28,False,0.1,3,14,none,4.3,3,49.54,17.2,4,13,1,False,False
EMP-20171,IT,1,40,F,married,bachelor,17,15,7217,8,3.89,3.04,5,1,52.8,0,0,6,3,2016-05-28,2020-10-03,False,0.1,11,5,rare,3.49,1,45.11,2.4,4,19,5,False,False
EMP-20172,Sales,4,33,F,married,phd,13,12,13657,20,2.62,2.0,4,3,31.5,5,1,2,2,2016-05-31,2020-10-08,False,0.2,8,12,none,2.7,1,85.36,8.5,2,14,4,False,False
EMP-20173,HR,3,34,F,single,bachelor,0,0,8131,14,3.15,3.25,2,1,1.8,0,0,6,4,2016-06-03,2020-10-13,False,0.3,6,8,rare,2.85,4,50.82,18.8,4,1,2,True,False
EMP-20174,IT,4,26,F,single,bachelor,8,6,11047,12,4.36,3.03,2,1,41.9,0,2,1,2,2016-06-06,2020-10-18,False,0.2,11,11,none,4.36,1,69.04,22.7,4,12,2,False,False
EMP-20175,Operations,1,47,M,married,college,12,11,5722,24,2.72,3.34,0,0,4.7,0,0,8,4,2016-06-09,2020-10-23,False,3.4,9,3,none,2.88,2,35.76,15.8,1,14,0,False,False
EMP-20176,HR,4,22,M,single,college,7,5,10214,21,2.61,1.86,6,2,29.4,4,3,1,2,2016-06-12,2020-10-28,False,1.5,6,11,none,2.86,4,63.84,14.9,3,9,6,False,False
EMP-20177,Finance,1,26,M,single,phd,3,1,4795,11,5.0,3.6,0,1,12.3,2,3,8,3,2016-06-15,2020-11-02,False,0.1,4,3,none,5.0,4,29.97,9.5,1,7,0,False,False
EMP-20178,HR,4,32,M,divorced,bachelor,11,8,12052,8,4.14,4.66,4,1,15.3,2,3,3,2,2016-06-18,2020-11-07,False,0.0,11,17,none,4.21,4,75.32,12.0,4,14,4,False,False
EMP-20179,HR,5,27,M,married,bachelor,5,5,13190,19,2.55,2.96,6,1,58.8,4,2,3,3,2016-06-21,2020-11-12,False,1.3,8,15,rare,2.13,3,82.44,10.8,4,19,6,False,False
EMP-20180,HR,2,48,F,married,bachelor,17,15,8877,11,3.11,3.45,0,3,7.7,1,0,9,1,2016-06-24,2020-11-17,False,0.1,13,18,rare,3.3,2,55.48,1.4,2,26,0,False,False
EMP-20181,R&D,2,26,M,single,bachelor,13,12,7923,8,2.88,3.81,1,2,45.7,3,3,8,4,2016-06-27,2020-11-22,False,0.2,6,14,rare,3.14,2,49.52,0.5,2,23,1,False,False
EMP-20182,Sales,3,38,F,single,college,16,13,9925,7,3.83,3.9,6,0,38.6,1,0,4,2,2016-06-30,2020-11-27,False,0.1,4,19,none,3.76,4,62.03,15.4,4,26,6,False,False
EMP-20183,Finance,3,48,M,divorced,bachelor,7,7,8507,23,3.57,2.65,6,0,12.5,0,2,2,3,2016-07-03,2020-12-02,False,0.3,1,6,frequent,3.45,3,53.17,12.7,2,7,6,False,False
EMP-20184,Operations,3,43,F,married,master,12,9,9394,14,4.4,2.8,0,0,56.2,5,3,1,3,2016-07-06,2020-12-07,False,0.5,4,3,frequent,5.0,2,58.71,6.1,3,19,0,False,False
EMP-20185,Finance,1,43,M,married,bachelor,1,0,3884,11,2.77,3.78,2,0,12.9,2,0,4,3,2016-07-09,2020-12-12,False,0.2,11,18,rare,2.25,4,24.28,22.3,3,10,2,False,False
EMP-20186,Sales,2,34,M,married,master,13,13,9246,4,3.24,2.85,4,2,31.4,5,1,6,3,2016-07-12,2020-12-17,False,0.1,5,14,rare,3.44,2,57.79,5.2,2,27,4,False,False
EMP-20187,IT,3,38,M,single,bachelor,13,12,11430,1,3.94,4.37,4,0,47.6,2,1,5,4,2016-07-15,2020-12-22,False,0.1,8,14,rare,4.36,1,71.44,17.5,2,19,4,False,False
EMP-20188,Finance,4,49,F,married,bachelor,15,12,10451,24,4.61,2.6,4,0,46.1,5,0,9,4,2016-07-18,2020-12-27,False,0.5,4,7,rare,4.47,3,65.32,19.7,4,19,4,False,False
EMP-20189,Operations,4,39,F,single,bachelor,0,0,10431,33,3.11,2.35,2,0,19.9,1,0,8,4,2016-07-21,2021-01-01,False,3.0,13,8,none,3.04,2,65.19,21.0,2,11,2,False,False
EMP-20190,Operations,4,47,M,single,college,8,6,11378,11,3.68,3.19,4,2,50.5,3,3,3,1,2016-07-24,2021-01-06,False,0.1,13,14,rare,3.52,3,71.11,21.0,2,10,4,False,False
EMP-20191,Operations,3,51,M,married,master,5,3,9167,29,2.16,3.27,0,3,57.8,2,3,9,4,2016-07-27,2021-01-11,False,7.1,12,9,none,2.16,3,57.29,19.9,4,18,0,True,False
EMP-20192,IT,3,30,F,single,master,16,13,9846,21,1.94,3.07,6,2,29.0,5,0,5,3,2016-07-30,2021-01-16,False,0.5,11,4,frequent,2.3,3,61.54,11.4,3,21,6,False,False
EMP-20193,Operations,2,26,M,single,bachelor,7,4,8258,10,3.82,3.34,4,3,39.5,2,1,1,3,2016-08-02,2021-01-21,False,0.1,8,7,rare,3.74,2,51.61,15.6,3,7,4,False,False
EMP-20194,Finance,2,38,M,single,master,10,7,8128,19,3.38,2.88,2,2,22.5,4,1,8,4,2016-08-05,2021-01-26,False,0.2,1,9,frequent,4.62,2,50.8,21.4,2,15,2,False,False
EMP-20195,R&D,2,35,M,single,master,6,3,8147,4,3.88,3.73,2,3,21.9,2,0,7,3,2016-08-08,2021-01-31,False,0.1,1,17,none,3.7,2,50.92,10.5,3,20,2,False,False
EMP-20196,Operations,3,27,M,divorced,master,0,0,7810,11,3.38,4.65,2,1,28.7,2,0,4,4,2016-08-11,2021-02-05,False,0.2,7,8,rare,3.93,4,48.81,16.8,1,6,2,False,False
EMP-20197,HR,1,49,M,divorced,master,12,12,5133,25,2.9,2.09,3,3,12.6,4,2,8,3,2016-08-14,2021-02-10,False,1.0,11,11,rare,3.12,3,32.08,4.0,1,12,3,False,False
EMP-20198,Operations,2,44,M,single,phd,11,11,8268,29,2.45,3.09,1,2,41.7,3,1,9,1,2016-08-17,2021-02-15,False,2.0,2,13,frequent,2.49,2,51.68,14.1,4,16,1,False,False
EMP-20199,Finance,1,45,F,single,college,6,4,4750,7,4.9,3.93,4,0,10.8,2,3,9,3,2016-08-20,2021-02-20,False,0.1,8,5,frequent,5.0,4,29.69,3.5,2,16,4,False,False
EMP-20200,Sales,3,47,M,married,college,11,8,10564,31,2.28,3.22,1,0,1.3,0,1,9,2,2016-08-23,2021-02-25,False,2.5,14,12,none,1.64,4,66.03,16.5,4,11,1,False,False
EMP-20201,Finance,3,37,F,single,master,5,4,7299,21,3.04,3.26,2,3,26.9,0,2,3,3,2016-08-26,2021-03-02,False,0.4,12,6,frequent,3.21,3,45.62,9.4,4,18,2,True,False
EMP-20202,Sales,1,40,M,married,bachelor,12,9,5865,8,4.01,3.6,6,1,5.5,3,1,6,2,2016-08-29,2021-03-07,False,0.1,8,17,frequent,3.72,4,36.66,5.7,2,23,6,False,False
EMP-20203,IT,1,30,M,single,bachelor,4,1,4787,27,3.69,3.16,4,1,34.2,0,0,2,1,2016-09-01,2021-03-12,False,1.6,9,8,frequent,3.52,4,29.92,9.0,4,15,4,False,False
EMP-20204,Operations,3,48,M,married,bachelor,14,14,9814,30,2.34,2.61,7,3,31.7,3,2,7,3,2016-09-04,2021-03-17,False,1.7,1,8,rare,2.15,3,61.34,17.5,3,25,7,False,False
EMP-20205,Sales,2,56,F,single,bachelor,17,15,8849,9,4.43,3.93,5,3,9.1,5,2,5,1,2016-09-07,2021-03-22,False,0.0,1,9,frequent,4.04,1,55.31,22.7,4,19,5,True,False
EMP-20206,Operations,5,53,F,married,bachelor,9,9,13397,3,3.28,4.56,6,0,15.5,4,2,8,1,2016-09-10,2021-03-27,False,0.0,5,9,none,2.62,2,83.73,0.3,2,21,6,False,False
EMP-20207,HR,1,36,M,married,master,0,0,5312,9,3.89,3.6,0,2,2.4,4,0,9,2,2016-09-13,2021-04-01,False,0.1,12,13,none,4.05,1,33.2,4.2,1,3,0,False,False
EMP-20208,Operations,3,23,M,single,master,10,8,10204,26,4.0,2.49,4,3,36.0,1,2,3,3,2016-09-16,2021-04-06,False,0.2,1,15,none,3.97,3,63.78,17.6,3,12,4,False,False
EMP-20209,Operations,5,53,F,married,master,18,15,14023,2,3.09,3.58,2,1,18.3,3,2,3,1,2016-09-19,2021-04-11,False,0.1,12,19,rare,2.97,1,87.64,14.2,4,18,2,False,False
EMP-20210,Operations,1,42,M,married,college,13,11,8047,10,4.38,3.73,0,2,43.1,1,1,1,2,2016-09-22,2021-04-16,False,0.1,4,18,frequent,4.68,2,50.29,8.0,1,15,0,False,False
EMP-20211,HR,3,50,M,divorced,bachelor,7,5,10350,11,4.21,3.01,0,1,38.2,5,2,5,2,2016-09-25,2021-04-21,False,0.2,2,7,rare,4.39,2,64.69,16.3,1,8,0,False,False
EMP-20212,R&D,3,32,M,married,bachelor,9,8,9230,0,4.24,3.83,1,2,23.0,0,0,4,4,2016-09-28,2021-04-26,False,0.0,2,13,rare,4.13,2,57.69,21.7,4,22,1,False,False
EMP-20213,HR,3,53,F,single,master,7,7,9131,20,3.18,2.52,0,0,2.3,3,0,9,1,2016-10-01,2021-05-01,False,1.7,10,8,rare,4.4,3,57.07,6.4,3,7,0,False,False
EMP-20214,Operations,5,52,M,married,master,15,15,13534,28,3.91,2.85,3,2,19.9,2,0,8,4,2016-10-04,2021-05-06,False,0.3,1,16,rare,4.32,3,84.59,12.1,3,24,3,False,False
EMP-20215,HR,3,22,M,single,master,11,10,10011,5,3.84,3.37,0,1,20.2,0,1,5,1,2016-10-07,2021-05-11,False,0.3,8,3,rare,4.82,1,62.57,0.5,3,11,0,False,False
EMP-20216,Sales,2,42,M,divorced,phd,11,11,7142,31,3.08,1.81,6,2,20.6,1,3,6,3,2016-10-10,2021-05-16,False,2.0,14,19,rare,2.91,4,44.64,23.6,3,25,6,False,False
EMP-20217,Finance,2,39,M,married,bachelor,6,3,6688,33,2.68,1.79,4,1,57.3,4,0,6,4,2016-10-13,2021-05-21,False,9.2,9,9,rare,2.78,2,41.8,20.0,2,14,4,False,False
EMP-20218,HR,4,45,M,single,master,2,2,8706,30,2.79,2.21,7,3,10.7,3,1,9,4,2016-10-16,2021-05-26,False,0.7,5,15,rare,2.29,1,54.41,12.6,3,9,7,False,False
EMP-20219,Sales,2,31,F,married,college,10,10,7481,25,3.78,2.51,0,3,16.9,0,1,9,3,2016-10-19,2021-05-31,False,0.7,13,14,frequent,3.65,3,46.76,24.8,2,11,0,False,False
EMP-20220,Sales,4,25,F,married,bachelor,3,3,11412,15,3.13,3.38,0,1,50.1,0,3,4,2,2016-10-22,2021-06-05,False,2.0,2,9,rare,2.9,2,71.32,5.5,1,16,0,False,False
EMP-20221,IT,2,31,M,single,master,16,14,8398,7,2.65,3.57,6,0,55.6,3,2,4,4,2016-10-25,2021-06-10,False,0.9,4,19,rare,3.85,3,52.49,18.6,3,22,6,False,False
EMP-20222,R&D,1,40,M,married,bachelor,0,0,4723,31,3.42,2.64,3,1,28.6,3,0,7,4,2016-10-28,2021-06-15,False,1.1,3,7,rare,3.14,4,29.52,19.2,2,2,3,False,False
EMP-20223,Finance,3,31,F,married,bachelor,14,12,10303,18,2.68,3.33,6,2,32.9,2,1,3,1,2016-10-31,2021-06-20,False,0.6,1,15,frequent,2.59,3,64.39,20.8,4,24,6,False,False
EMP-20224,IT,2,38,M,married,bachelor,13,12,7358,15,4.05,3.62,1,3,4.1,0,2,2,2,2016-11-03,2021-06-25,False,0.1,14,18,rare,3.47,4,45.99,17.1,2,27,1,False,False
EMP-20225,Operations,2,36,F,married,master,8,7,7580,13,3.68,2.4,0,2,48.7,0,0,3,2,2016-11-06,2021-06-30,False,0.5,3,5,frequent,3.89,3,47.38,4.8,1,8,0,False,False
EMP-20226,Finance,2,46,M,married,master,18,15,9472,7,4.49,3.09,3,2,36.1,0,0,3,4,2016-11-09,2021-07-05,False,0.1,2,18,rare,4.13,2,59.2,2.3,4,21,3,False,False
EMP-20227,Operations,1,36,M,married,college,12,12,6485,13,3.26,3.63,4,0,29.3,0,2,6,1,2016-11-12,2021-07-10,False,0.8,13,18,none,3.63,4,40.53,4.5,1,21,4,True,False
EMP-20228,Finance,2,27,F,married,master,0,0,7383,27,2.8,2.76,0,3,18.9,3,3,7,1,2016-11-15,2021-07-15,False,1.5,14,9,rare,2.08,3,46.14,21.5,4,0,0,False,False
EMP-20229,IT,5,44,F,married,bachelor,6,6,13731,19,2.79,3.54,0,1,27.2,2,2,2,1,2016-11-18,2021-07-20,False,0.6,3,17,none,2.74,3,85.82,10.0,3,17,0,False,False
EMP-20230,Sales,2,29,M,married,phd,14,13,8810,13,2.79,2.58,1,1,44.4,1,0,1,4,2016-11-21,2021-07-25,False,0.9,6,3,none,2.05,2,55.06,13.7,2,23,1,False,False
EMP-20231,Operations,4,32,M,married,bachelor,13,10,11189,3,4.45,3.61,0,1,5.8,3,3,2,1,2016-11-24,2021-07-30,False,0.0,10,6,none,4.25,4,69.93,0.6,1,21,0,False,False
EMP-20232,Operations,3,47,M,single,master,2,0,8365,14,2.51,3.15,7,0,30.9,4,0,9,2,2016-11-27,2021-08-04,False,1.3,6,15,rare,2.4,4,52.28,12.3,1,6,7,False,False
EMP-20233,Operations,1,31,F,married,bachelor,1,0,6465,7,4.73,3.73,7,1,3.0,1,3,3,3,2016-11-30,2021-08-09,False,0.0,12,18,rare,4.49,4,40.41,10.2,1,8,7,False,False
EMP-20234,IT,5,24,F,married,master,15,13,14051,13,3.48,3.37,0,1,46.6,3,1,5,2,2016-12-03,2021-08-14,False,0.8,4,5,rare,3.28,2,87.82,13.4,4,16,0,False,False
EMP-20235,Operations,5,34,M,single,college,0,0,12145,5,3.43,3.98,3,0,13.5,0,1,5,1,2016-12-06,2021-08-19,False,0.1,12,15,rare,3.82,4,75.91,9.4,1,10,3,False,False
EMP-20236,HR,2,35,F,single,bachelor,16,14,7832,33,3.09,2.29,3,0,54.3,3,3,3,2,2016-12-09,2021-08-24,False,2.6,8,4,none,3.96,3,48.95,1.9,1,25,3,False,False
EMP-20237,Operations,1,46,M,married,master,9,6,5807,6,4.3,4.39,0,0,29.1,2,1,8,4,2016-12-12,2021-08-29,False,0.2,1,16,frequent,4.44,1,36.29,1.1,1,16,0,False,False
EMP-20238,Sales,5,47,M,single,master,15,13,14373,4,3.35,4.65,5,3,28.0,0,2,1,2,2016-12-15,2021-09-03,False,0.1,9,18,frequent,3.01,4,89.83,23.7,3,26,5,False,False
EMP-20239,Operations,1,22,M,married,bachelor,1,1,4932,22,3.65,2.34,6,1,22.3,4,2,5,3,2016-12-18,2021-09-08,False,0.7,1,10,rare,3.68,3,30.82,15.1,2,8,6,False,False
EMP-20240,R&D,5,49,F,married,bachelor,6,4,12304,12,3.71,3.42,4,3,31.5,1,0,4,2,2016-12-21,2021-09-13,False,0.0,12,4,none,3.57,3,76.9,16.1,2,12,4,False,False
EMP-20241,Sales,1,48,F,married,master,13,13,6130,34,2.42,2.7,7,3,20.9,4,3,8,1,2016-12-24,2021-09-18,False,4.4,14,6,frequent,2.78,2,38.31,22.9,4,25,7,False,False
EMP-20242,Operations,5,28,F,divorced,bachelor,0,0,12953,14,3.4,3.59,5,1,22.2,2,1,2,1,2016-12-27,2021-09-23,False,0.1,3,11,frequent,3.52,4,80.96,13.8,2,14,5,False,False
EMP-20243,Finance,5,34,F,divorced,bachelor,0,0,12534,22,1.29,2.7,4,3,12.5,4,1,9,4,2016-12-30,2021-09-28,False,2.7,8,16,none,1.0,1,78.34,15.4,4,12,4,False,False
EMP-20244,Sales,2,49,F,divorced,master,12,12,8467,29,1.88,2.68,7,0,21.4,4,1,8,4,2017-01-02,2021-10-03,False,2.8,5,11,none,2.32,2,52.92,13.1,1,19,7,False,False
EMP-20245,Sales,2,42,F,divorced,master,0,0,6953,34,3.18,1.51,5,0,48.9,2,3,7,3,2017-01-05,2021-10-08,False,11.8,1,11,none,3.57,3,43.46,4.4,3,5,5,False,False
EMP-20246,Operations,1,34,F,single,bachelor,16,14,5774,28,2.98,2.59,6,3,15.5,4,2,5,4,2017-01-08,2021-10-13,False,1.1,10,13,rare,3.58,1,36.09,7.8,1,17,6,False,False
EMP-20247,Sales,4,49,M,single,college,13,12,11978,20,2.59,2.27,6,2,49.5,2,2,6,2,2017-01-11,2021-10-18,False,2.8,1,19,rare,2.38,1,74.86,22.1,1,19,6,False,False
EMP-20248,IT,2,44,F,single,phd,13,12,9014,28,3.05,2.85,0,2,51.8,3,2,2,4,2017-01-14,2021-10-23,False,4.5,1,16,none,3.17,3,56.34,11.1,3,25,0,False,False
EMP-20249,R&D,4,40,M,single,college,9,7,11071,9,3.3,2.99,5,3,40.3,1,1,1,3,2017-01-17,2021-10-28,False,0.1,12,5,none,2.83,3,69.19,5.1,3,21,5,False,False
EMP-20250,Finance,4,22,M,married,master,9,7,12062,30,2.11,2.58,5,0,2.8,2,2,7,4,2017-01-20,2021-11-02,False,4.0,4,6,rare,2.09,4,75.39,20.7,3,10,5,False,False
EMP-20251,Operations,3,45,F,divorced,bachelor,18,15,10996,30,1.87,2.66,3,0,34.1,0,3,5,3,2017-01-23,2021-11-07,False,4.3,13,9,rare,2.03,4,68.72,2.2,2,26,3,False,False
EMP-20252,Finance,2,28,M,married,bachelor,0,0,7262,13,2.5,3.39,4,3,50.2,2,0,4,4,2017-01-26,2021-11-12,False,0.2,9,7,rare,2.25,1,45.39,16.0,2,10,4,False,False
EMP-20253,Finance,2,55,F,divorced,college,4,1,7121,2,4.56,3.58,6,0,22.6,0,0,3,3,2017-01-29,2021-11-17,False,0.0,8,15,none,4.7,2,44.51,17.5,4,14,6,False,False
EMP-20254,Operations,3,28,M,married,phd,10,8,10309,23,2.88,2.74,1,1,17.7,2,0,6,4,2017-02-01,2021-11-22,False,1.5,6,19,rare,2.95,4,64.43,7.6,1,23,1,False,False
EMP-20255,IT,1,23,M,married,master,0,0,3628,3,4.81,4.44,4,0,20.0,5,3,5,4,2017-02-04,2021-11-27,False,0.1,6,12,frequent,4.63,4,22.68,4.2,2,1,4,False,False
EMP-20256,Sales,3,35,M,single,master,2,0,8667,0,3.79,3.79,6,1,26.0,2,2,7,4,2017-02-07,2021-12-02,False,0.1,4,18,none,4.35,1,54.17,11.2,4,8,6,False,False
EMP-20257,Finance,4,34,F,divorced,bachelor,0,0,10770,33,2.79,2.36,2,0,5.1,2,1,9,2,2017-02-10,2021-12-07,False,2.9,10,10,rare,2.7,4,67.31,18.9,3,1,2,False,False
EMP-20258,R&D,3,34,M,married,master,0,0,8637,19,3.21,2.77,2,1,15.0,5,0,8,1,2017-02-13,2021-12-12,False,0.6,9,14,none,3.26,1,53.98,22.2,4,10,2,False,False
EMP-20259,Sales,2,55,F,married,bachelor,8,8,8436,22,3.35,3.41,0,3,39.2,0,2,3,2,2017-02-16,2021-12-17,False,1.0,1,14,none,2.76,4,52.72,20.4,1,15,0,False,False
EMP-20260,R&D,5,31,M,single,master,11,9,13194,30,2.61,2.54,2,1,28.9,4,2,3,3,2017-02-19,2021-12-22,False,4.7,5,7,frequent,2.82,2,82.46,2.7,1,17,2,False,False
EMP-20261,Operations,3,52,F,married,master,2,0,8202,32,2.5,2.02,2,3,15.6,3,2,2,4,2017-02-22,2021-12-27,False,1.9,13,15,frequent,2.31,1,51.26,5.6,4,14,2,False,False
EMP-20262,HR,4,27,M,married,master,16,15,10809,33,1.84,2.35,7,3,55.9,2,2,6,4,2017-02-25,2022-01-01,False,4.8,7,12,none,2.22,1,67.56,15.4,3,28,7,False,False
EMP-20263,HR,1,44,F,married,master,14,13,6262,4,4.65,3.68,0,2,18.4,1,0,8,3,2017-02-28,2022-01-06,False,0.0,4,12,none,4.13,4,39.14,17.7,4,18,0,False,False
EMP-20264,IT,5,26,F,divorced,master,10,10,13613,11,4.27,4.15,5,2,8.6,3,2,3,3,2017-03-03,2022-01-11,False,0.0,4,7,none,4.44,4,85.08,0.2,4,22,5,False,False
EMP-20265,Finance,4,30,M,married,bachelor,0,0,10809,26,3.86,2.68,0,1,12.8,2,2,9,4,2017-03-06,2022-01-16,False,0.5,3,8,rare,2.99,1,67.56,3.6,2,14,0,False,False
EMP-20266,IT,5,27,M,divorced,bachelor,7,7,11721,1,3.38,3.26,6,2,18.5,2,1,4,1,2017-03-09,2022-01-21,False,0.0,13,17,none,3.63,4,73.26,2.4,1,7,6,False,False
EMP-20267,HR,4,33,M,married,bachelor,16,14,13060,8,3.14,3.85,3,3,31.8,4,1,8,4,2017-03-12,2022-01-26,False,0.1,5,13,rare,3.07,4,81.62,8.5,4,27,3,False,False
EMP-20268,Sales,3,38,M,married,bachelor,2,2,7860,18,3.0,3.99,3,3,4.9,2,2,3,3,2017-03-15,2022-01-31,False,0.1,5,5,none,3.16,3,49.12,17.0,2,3,3,True,False
EMP-20269,R&D,3,52,F,divorced,bachelor,10,8,9503,12,3.46,4.0,7,0,51.4,4,1,2,3,2017-03-18,2022-02-05,False,0.4,1,12,rare,3.22,1,59.39,23.6,1,21,7,False,False
EMP-20270,Sales,4,49,M,married,bachelor,11,11,11065,6,3.63,3.15,5,2,52.8,1,3,5,2,2017-03-21,2022-02-10,False,0.2,13,13,frequent,3.25,2,69.16,2.2,3,21,5,False,False
EMP-20271,HR,3,47,F,single,master,12,9,10174,31,2.21,2.32,0,0,19.8,4,0,5,3,2017-03-24,2022-02-15,True,17.7,6,16,none,2.04,1,63.59,12.7,1,24,0,False,True
EMP-20272,Sales,4,39,M,divorced,bachelor,17,15,12315,15,2.41,3.23,2,1,46.7,3,0,5,4,2017-03-27,2022-02-20,False,2.2,10,17,rare,2.49,2,76.97,9.3,1,25,2,False,False
EMP-20273,IT,2,32,F,married,master,0,0,7142,14,3.67,3.29,2,0,36.4,5,3,4,2,2017-03-30,2022-02-25,False,0.3,11,14,frequent,3.9,2,44.64,10.0,4,3,2,False,False
EMP-20274,Sales,4,32,F,single,master,0,0,11675,23,1.0,3.04,4,2,50.9,2,2,6,1,2017-04-02,2022-03-02,False,5.9,5,3,none,1.12,3,72.97,1.7,1,10,4,False,False
EMP-20275,Operations,2,26,M,married,bachelor,0,0,6918,23,3.22,2.68,6,3,17.3,1,3,6,1,2017-04-05,2022-03-07,False,0.3,7,11,frequent,2.85,3,43.24,7.2,3,4,6,False,False
EMP-20276,Finance,3,45,F,married,bachelor,4,2,8419,17,2.8,2.69,5,3,37.0,2,0,2,1,2017-04-08,2022-03-12,False,0.5,2,6,rare,3.54,1,52.62,6.3,2,4,5,False,False
EMP-20277,HR,1,50,M,married,bachelor,7,5,6009,31,3.58,2.93,3,2,5.3,3,0,7,2,2017-04-11,2022-03-17,False,0.4,10,3,rare,3.71,4,37.56,18.0,1,8,3,True,False
EMP-20278,Operations,5,41,F,married,bachelor,16,15,15476,10,3.98,2.94,5,2,1.6,2,3,3,1,2017-04-14,2022-03-22,False,0.0,10,18,rare,3.73,3,96.72,16.0,4,29,5,False,False
EMP-20279,IT,4,42,M,single,master,9,7,11805,30,3.34,2.1,6,2,52.6,5,3,8,2,2017-04-17,2022-03-27,False,1.1,3,5,none,3.51,3,73.78,15.9,1,14,6,False,False
EMP-20280,Operations,2,35,F,single,phd,12,9,8797,30,2.79,1.94,0,0,18.4,0,3,5,3,2017-04-20,2022-04-01,False,5.2,3,7,none,2.89,4,54.98,13.0,3,14,0,False,False
EMP-20281,IT,1,56,F,married,bachelor,11,10,4845,0,3.67,4.31,4,2,27.3,1,3,3,3,2017-04-23,2022-04-06,False,0.1,6,8,rare,3.6,3,30.28,8.6,1,11,4,False,False
EMP-20282,R&D,5,53,M,single,bachelor,19,15,14590,26,2.22,2.75,5,2,14.7,5,0,2,3,2017-04-26,2022-04-11,False,0.6,10,10,rare,2.1,4,91.19,6.1,3,19,5,False,False
EMP-20283,R&D,1,36,M,married,bachelor,4,3,5066,5,4.32,4.19,4,0,52.7,4,0,9,3,2017-04-29,2022-04-16,False,0.2,8,13,frequent,4.71,2,31.66,0.3,1,15,4,False,False
EMP-20284,Operations,3,49,M,married,bachelor,13,11,9416,16,2.42,2.81,1,2,23.7,0,1,7,1,2017-05-02,2022-04-21,False,0.9,1,8,rare,3.11,3,58.85,3.7,4,14,1,False,False
EMP-20285,IT,1,34,M,single,phd,3,3,5142,32,3.91,1.77,1,1,11.6,5,3,2,4,2017-05-05,2022-04-26,False,2.0,9,16,none,3.1,4,32.14,5.5,2,15,1,False,False
EMP-20286,Finance,4,26,M,single,master,1,0,10407,6,3.46,3.48,2,2,36.9,2,2,5,2,2017-05-08,2022-05-01,False,0.1,10,5,none,3.95,4,65.04,24.4,1,9,2,False,False
EMP-20287,Operations,2,32,F,married,master,17,15,8140,19,3.74,2.96,2,3,13.1,3,0,2,1,2017-05-11,2022-05-06,False,0.1,3,19,frequent,3.75,2,50.88,24.3,1,20,2,False,False
EMP-20288,Finance,3,52,M,divorced,phd,0,0,8551,27,1.9,2.75,7,1,16.4,0,2,8,4,2017-05-14,2022-05-11,False,2.2,7,17,none,1.99,3,53.44,19.2,3,13,7,False,False
EMP-20289,Sales,3,39,M,divorced,master,4,1,8741,16,2.85,2.36,4,3,40.7,0,3,8,2,2017-05-17,2022-05-16,False,1.3,12,13,frequent,3.39,4,54.63,15.3,3,11,4,False,False
EMP-20290,HR,2,53,M,married,bachelor,7,7,8002,2,2.98,4.14,6,1,57.6,4,0,8,2,2017-05-20,2022-05-21,False,0.2,5,3,none,1.92,3,50.01,16.7,2,12,6,False,False
EMP-20291,IT,4,33,M,single,master,0,0,10382,2,4.43,3.45,0,2,45.5,1,2,5,2,2017-05-23,2022-05-26,False,0.0,2,15,none,4.76,4,64.89,15.0,3,10,0,False,False
EMP-20292,HR,3,38,M,married,master,13,13,10261,18,3.23,2.78,6,0,8.3,0,2,2,3,2017-05-26,2022-05-31,False,0.4,13,14,none,3.74,4,64.13,16.2,4,22,6,False,False
EMP-20293,IT,3,24,F,married,bachelor,4,2,9664,0,4.39,4.59,1,0,19.4,4,3,5,3,2017-05-29,2022-06-05,False,0.0,2,13,rare,4.11,2,60.4,5.5,3,15,1,False,False
EMP-20294,Finance,2,50,M,married,master,9,8,8124,0,4.24,2.91,4,1,48.0,1,2,5,1,2017-06-01,2022-06-10,False,0.1,1,7,none,3.68,2,50.78,24.4,3,18,4,False,False
EMP-20295,Sales,3,33,M,married,master,4,4,8875,33,3.01,2.51,3,3,17.2,5,1,3,1,2017-06-04,2022-06-15,False,2.1,4,10,frequent,3.67,2,55.47,18.9,4,18,3,False,False
EMP-20296,IT,2,25,M,married,bachelor,14,12,6610,18,3.28,3.26,6,1,44.7,1,3,4,4,2017-06-07,2022-06-20,False,1.0,11,10,rare,2.58,2,41.31,5.9,1,20,6,False,False
EMP-20297,IT,3,29,M,single,master,6,5,9531,16,3.29,2.79,5,1,28.8,0,1,1,2,2017-06-10,2022-06-25,False,0.2,10,13,none,3.46,3,59.57,12.8,1,9,5,False,False
EMP-20298,R&D,4,45,M,divorced,bachelor,14,11,11150,3,3.72,3.63,3,3,53.2,2,2,5,4,2017-06-13,2022-06-30,False,0.0,4,8,rare,4.13,2,69.69,19.7,1,15,3,False,False
EMP-20299,Finance,3,51,M,married,bachelor,12,9,9771,27,3.21,3.26,4,1,22.2,1,3,2,3,2017-06-16,2022-07-05,False,0.8,2,9,none,3.37,4,61.07,22.8,1,15,4,False,False
EMP-20300,Finance,1,56,F,single,bachelor,19,15,7377,17,3.93,4.13,5,3,56.1,3,2,8,3,2017-06-19,2022-07-10,False,0.0,14,18,rare,4.16,3,46.11,9.6,2,30,5,True,False
EMP-20301,Operations,5,30,M,divorced,master,10,8,14266,7,5.0,4.18,5,0,25.0,1,2,7,2,2017-06-22,2022-07-15,False,0.0,1,10,rare,4.89,3,89.16,12.1,1,22,5,False,False
EMP-20302,Finance,4,43,F,married,phd,18,15,13834,26,3.87,3.64,4,0,43.8,5,3,6,4,2017-06-25,2022-07-20,False,1.0,13,13,frequent,4.06,4,86.46,7.7,4,22,4,False,False
EMP-20303,HR,5,38,F,single,master,11,11,12583,8,2.36,3.25,5,0,12.5,2,2,3,3,2017-06-28,2022-07-25,False,0.2,7,18,rare,2.08,4,78.64,9.4,2,12,5,False,False
EMP-20304,Finance,1,47,M,single,master,0,0,3747,17,3.58,2.36,6,0,32.3,4,1,7,4,2017-07-01,2022-07-30,False,1.1,3,19,none,3.35,1,23.42,5.7,1,10,6,False,False
EMP-20305,Sales,5,46,F,married,bachelor,2,1,12501,19,2.75,3.02,0,2,19.3,4,2,9,2,2017-07-04,2022-08-04,False,0.6,5,12,rare,2.76,4,78.13,0.7,3,13,0,False,False
EMP-20306,Finance,3,24,F,married,master,12,12,10034,9,4.46,3.95,2,0,1.8,5,1,6,3,2017-07-07,2022-08-09,False,0.1,5,7,rare,3.84,4,62.71,10.4,2,12,2,False,False
EMP-20307,Sales,5,27,M,married,bachelor,0,0,11038,30,2.36,1.57,7,2,26.8,3,2,8,2,2017-07-10,2022-08-14,False,4.4,3,4,rare,2.59,2,68.99,11.8,1,2,7,False,False
EMP-20308,R&D,4,43,M,single,master,2,1,10427,24,3.22,2.34,2,2,11.2,1,0,9,4,2017-07-13,2022-08-19,False,0.5,7,17,none,2.23,1,65.17,19.5,4,7,2,False,False
EMP-20309,Finance,5,41,M,single,master,14,13,14158,10,1.95,3.09,6,0,57.6,3,0,8,4,2017-07-16,2022-08-24,False,0.8,10,11,none,2.1,3,88.49,13.1,3,20,6,False,False
EMP-20310,Sales,1,53,M,married,bachelor,7,7,4656,5,3.24,3.93,4,0,48.7,2,1,2,2,2017-07-19,2022-08-29,False,0.7,7,12,frequent,3.42,4,29.1,8.2,4,8,4,False,False
EMP-20311,Finance,3,52,M,married,college,4,1,8084,11,4.87,3.56,2,0,44.6,3,0,8,1,2017-07-22,2022-09-03,False,0.2,9,19,frequent,4.55,3,50.52,11.6,4,12,2,False,False
EMP-20312,IT,4,24,M,married,bachelor,0,0,9685,16,3.29,2.81,2,0,27.7,1,2,7,1,2017-07-25,2022-09-08,False,0.5,14,9,none,2.8,3,60.53,19.9,4,7,2,False,False
EMP-20313,HR,3,43,F,married,master,5,4,8830,19,2.69,3.14,3,2,16.3,3,0,7,2,2017-07-28,2022-09-13,False,0.4,2,4,frequent,2.53,1,55.19,12.0,1,16,3,False,False
EMP-20314,R&D,5,36,M,married,master,14,12,14235,14,3.34,2.73,0,3,20.1,5,1,3,1,2017-07-31,2022-09-18,False,0.2,11,14,rare,3.6,4,88.97,13.9,4,28,0,True,False
EMP-20315,Operations,4,39,F,married,master,8,7,10899,1,3.23,3.74,2,1,13.1,4,0,5,4,2017-08-03,2022-09-23,False,0.2,4,19,none,3.37,4,68.12,4.3,1,9,2,False,False
EMP-20316,Operations,1,24,M,married,master,16,13,6764,23,3.26,2.22,5,2,33.6,5,3,9,2,2017-08-06,2022-09-28,False,0.3,1,5,frequent,2.82,1,42.28,0.2,2,22,5,False,False
EMP-20317,HR,1,52,F,married,bachelor,14,12,8277,13,2.96,3.27,7,1,48.9,0,3,9,1,2017-08-09,2022-10-03,False,0.7,6,19,frequent,3.0,2,51.73,23.2,4,26,7,False,False
EMP-20318,HR,4,27,F,single,college,2,0,9675,11,2.99,3.05,7,0,12.1,3,0,2,3,2017-08-12,2022-10-08,False,0.2,6,12,rare,3.09,4,60.47,6.7,3,2,7,False,False
EMP-20319,IT,2,56,M,married,master,3,0,6438,19,3.19,3.4,3,0,1.3,0,1,4,2,2017-08-15,2022-10-13,False,0.4,14,12,rare,3.28,3,40.24,8.7,4,15,3,False,False
EMP-20320,Finance,2,55,M,single,master,18,15,9302,29,3.71,2.54,6,1,8.4,1,3,6,1,2017-08-18,2022-10-18,False,0.4,5,19,none,3.32,2,58.14,2.9,4,23,6,False,False
EMP-20321,Finance,5,51,F,married,master,18,15,14950,0,4.03,3.89,3,3,28.2,4,1,1,2,2017-08-21,2022-10-23,False,0.0,11,8,rare,4.09,3,93.44,12.8,1,29,3,False,False
EMP-20322,IT,1,26,F,married,bachelor,0,0,5132,33,3.41,3.23,6,0,2.1,0,3,3,3,2017-08-24,2022-10-28,False,1.0,14,15,rare,3.78,1,32.08,18.4,3,9,6,False,False
EMP-20323,IT,3,36,F,married,master,4,2,10327,22,3.15,3.09,7,3,24.8,2,0,6,3,2017-08-27,2022-11-02,False,0.4,5,3,rare,3.36,4,64.54,17.2,3,18,7,False,False
EMP-20324,IT,2,22,M,divorced,bachelor,11,11,8174,19,3.93,2.87,3,2,7.6,0,1,6,1,2017-08-30,2022-11-07,False,0.3,3,14,none,4.09,3,51.09,21.4,1,13,3,False,False
EMP-20325,Sales,1,44,M,married,phd,18,15,5379,1,3.79,3.66,4,1,7.4,1,3,1,3,2017-09-02,2022-11-12,False,0.1,14,3,rare,4.45,3,33.62,7.2,1,31,4,False,False
EMP-20326,IT,2,53,M,single,bachelor,18,15,8838,24,2.8,2.21,6,2,43.0,0,0,4,4,2017-09-05,2022-11-17,False,1.8,7,3,frequent,2.87,3,55.24,7.9,2,26,6,False,False
EMP-20327,HR,3,40,M,divorced,master,4,4,8423,25,3.29,2.72,1,2,60.0,2,0,6,3,2017-09-08,2022-11-22,False,1.3,7,9,frequent,2.95,3,52.64,24.1,3,15,1,False,False
EMP-20328,HR,3,22,F,married,college,14,13,11187,19,3.12,3.2,1,2,12.5,3,2,9,4,2017-09-11,2022-11-27,False,0.4,11,9,none,2.78,2,69.92,11.4,4,25,1,False,False
EMP-20329,HR,1,32,M,married,college,12,12,7012,28,3.22,1.64,5,3,14.5,3,0,9,4,2017-09-14,2022-12-02,False,1.5,6,16,rare,3.29,1,43.82,20.9,3,20,5,False,False
EMP-20330,IT,4,28,F,single,master,6,5,9648,29,2.64,1.87,1,2,18.5,5,1,3,2,2017-09-17,2022-12-07,False,1.9,8,18,none,2.06,2,60.3,15.3,4,12,1,False,False
EMP-20331,Finance,2,37,F,married,master,5,3,8280,29,3.79,2.29,6,0,47.3,0,3,7,2,2017-09-20,2022-12-12,False,2.6,14,19,rare,3.67,4,51.75,4.5,1,17,6,False,False
EMP-20332,Operations,3,35,M,married,master,14,12,10831,11,4.39,2.9,2,1,30.8,2,3,5,2,2017-09-23,2022-12-17,False,0.2,1,13,none,4.58,1,67.69,23.9,2,21,2,False,False
EMP-20333,Sales,3,51,M,married,bachelor,16,15,10060,23,2.75,2.87,2,3,34.7,3,0,2,2,2017-09-26,2022-12-22,False,1.1,11,5,frequent,3.22,2,62.88,8.1,2,30,2,False,False
EMP-20334,Sales,3,29,F,married,master,16,15,10257,2,2.91,3.99,6,0,33.2,0,1,5,1,2017-09-29,2022-12-27,False,0.2,6,14,rare,2.29,4,64.11,16.0,4,26,6,False,False
EMP-20335,Finance,3,32,M,married,master,7,4,10354,19,2.86,2.99,4,1,56.3,0,3,2,4,2017-10-02,2023-01-01,False,1.4,8,11,rare,2.9,3,64.71,6.4,3,16,4,False,False
EMP-20336,Sales,2,30,M,married,bachelor,3,2,5383,5,3.46,4.03,6,2,3.1,1,1,2,3,2017-10-05,2023-01-06,False,0.0,13,11,rare,3.43,1,33.64,14.4,3,11,6,False,False
EMP-20337,Sales,3,54,F,married,master,17,15,10796,10,4.15,3.21,5,2,10.3,5,1,4,1,2017-10-08,2023-01-11,False,0.0,9,11,none,4.17,4,67.47,13.5,3,20,5,False,False
EMP-20338,HR,3,32,M,single,bachelor,4,1,9755,23,3.68,2.83,4,3,23.5,3,2,3,4,2017-10-11,2023-01-16,False,0.1,6,18,none,3.74,1,60.97,6.5,2,15,4,False,False
EMP-20339,Sales,1,57,F,married,master,15,12,6529,14,3.17,2.8,4,2,29.8,3,3,2,4,2017-10-14,2023-01-21,False,0.4,14,9,none,3.16,2,40.81,24.7,4,18,4,False,False
EMP-20340,Operations,4,45,F,single,master,9,8,11798,30,2.25,2.64,6,0,7.7,3,0,1,3,2017-10-17,2023-01-26,False,5.1,9,19,rare,2.81,1,73.74,3.5,3,18,6,False,False
EMP-20341,Operations,3,33,M,single,phd,9,9,9563,3,3.04,3.89,7,0,53.7,4,0,6,4,2017-10-20,2023-01-31,False,0.3,3,12,frequent,3.54,2,59.77,11.1,3,20,7,False,False
EMP-20342,HR,2,43,F,married,bachelor,3,2,6333,34,2.92,1.7,0,2,41.0,3,0,1,4,2017-10-23,2023-02-05,False,2.8,2,14,none,3.78,2,39.58,0.8,3,9,0,False,False
EMP-20343,HR,1,26,M,married,bachelor,1,0,4273,24,3.36,2.72,4,3,56.0,4,1,8,4,2017-10-26,2023-02-10,False,1.1,5,18,rare,3.36,2,26.71,17.1,4,15,4,False,False
EMP-20344,R&D,2,54,F,divorced,master,13,11,8730,15,4.07,3.23,6,2,56.5,1,1,1,4,2017-10-29,2023-02-15,False,0.2,11,16,none,3.91,4,54.56,11.6,2,15,6,False,False
EMP-20345,Finance,3,56,M,married,master,5,3,8491,0,4.35,4.14,5,2,31.2,4,1,6,1,2017-11-01,2023-02-20,False,0.0,6,10,none,3.96,3,53.07,14.0,3,8,5,False,False
EMP-20346,R&D,5,32,F,single,bachelor,11,10,12100,1,4.08,4.11,3,0,51.3,0,1,2,1,2017-11-04,2023-02-25,False,0.1,3,6,rare,3.87,2,75.62,17.5,4,15,3,False,False
EMP-20347,Operations,4,28,M,single,master,16,15,12218,14,2.41,2.94,6,0,44.5,2,2,6,3,2017-11-07,2023-03-02,False,0.6,14,5,frequent,2.7,2,76.36,19.1,3,30,6,False,False
EMP-20348,Sales,3,37,M,single,college,0,0,7990,20,2.87,3.38,3,3,22.3,1,1,2,3,2017-11-10,2023-03-07,False,0.4,3,9,frequent,3.22,2,49.94,24.1,1,8,3,False,False
EMP-20349,Sales,1,49,F,married,master,18,15,6001,17,4.24,3.41,1,2,39.8,0,3,4,4,2017-11-13,2023-03-12,False,0.3,2,14,rare,4.51,2,37.51,21.6,1,22,1,False,False
EMP-20350,IT,2,44,M,married,bachelor,2,0,6897,10,3.48,3.14,2,2,57.2,3,1,6,3,2017-11-16,2023-03-17,False,0.3,6,16,rare,3.21,4,43.11,8.1,1,16,2,False,False
EMP-20351,Operations,5,23,F,married,bachelor,0,0,12614,22,1.89,2.33,0,3,46.1,5,0,2,2,2017-11-19,2023-03-22,True,2.0,2,3,none,1.63,1,78.84,18.2,2,6,0,False,True
EMP-20352,Sales,1,22,F,single,master,13,11,6376,21,3.99,2.63,5,0,42.9,0,3,2,4,2017-11-22,2023-03-27,False,2.2,9,10,none,4.77,3,39.85,1.9,1,16,5,False,False
EMP-20353,Operations,4,30,F,single,master,2,0,9587,12,3.07,2.66,7,3,14.1,5,2,6,3,2017-11-25,2023-04-01,False,0.1,7,18,frequent,2.74,2,59.92,3.4,3,15,7,False,False
EMP-20354,Finance,3,49,F,single,college,12,11,10225,11,4.25,3.55,3,1,50.0,5,0,6,3,2017-11-28,2023-04-06,False,0.2,13,16,rare,4.82,2,63.91,11.5,4,14,3,False,False
EMP-20355,Operations,2,31,F,married,bachelor,0,0,7428,15,3.59,3.84,5,2,24.0,5,0,4,2,2017-12-01,2023-04-11,False,0.1,3,18,none,3.75,2,46.42,11.5,1,14,5,False,False
EMP-20356,Operations,5,54,F,single,master,1,1,13890,26,2.54,3.41,7,1,37.8,0,0,2,4,2017-12-04,2023-04-16,False,2.1,4,19,none,2.25,1,86.81,12.6,2,1,7,False,False
EMP-20357,IT,2,32,F,single,college,2,2,7993,20,4.22,2.46,3,0,41.0,5,3,3,1,2017-12-07,2023-04-21,False,0.8,10,4,none,3.75,3,49.96,11.9,1,10,3,False,False
EMP-20358,Sales,4,54,F,married,bachelor,10,8,10596,4,2.96,4.19,7,3,31.4,2,2,2,4,2017-12-10,2023-04-26,False,0.1,10,14,rare,2.68,3,66.22,16.0,1,18,7,False,False
EMP-20359,Finance,1,55,M,single,college,5,3,6086,32,3.93,2.44,0,1,10.8,3,3,6,4,2017-12-13,2023-05-01,False,0.6,6,12,rare,4.1,3,38.04,23.9,1,19,0,False,False
EMP-20360,Operations,5,48,M,married,master,3,2,12565,7,3.09,2.45,5,0,42.1,1,1,3,3,2017-12-16,2023-05-06,False,0.9,13,11,frequent,2.73,1,78.53,4.3,3,16,5,False,False
EMP-20361,Operations,1,28,M,married,master,13,11,5438,23,3.53,2.68,1,0,15.6,3,0,4,4,2017-12-19,2023-05-11,False,2.4,12,16,rare,4.15,3,33.99,8.9,4,25,1,False,False
EMP-20362,Finance,2,24,F,single,bachelor,0,0,6827,0,4.3,3.78,6,3,16.7,3,1,3,4,2017-12-22,2023-05-16,False,0.0,9,18,frequent,4.22,1,42.67,1.9,3,13,6,False,False
EMP-20363,Operations,5,28,F,single,phd,0,0,13535,8,3.17,4.21,0,3,8.5,4,0,2,1,2017-12-25,2023-05-21,False,0.1,11,10,none,3.45,2,84.59,5.0,3,12,0,False,False
EMP-20364,HR,4,44,F,single,college,1,0,11277,19,2.68,2.61,6,2,37.6,2,0,8,1,2017-12-28,2023-05-26,False,0.7,8,14,none,2.93,3,70.48,24.7,1,8,6,False,False
EMP-20365,IT,4,46,F,single,bachelor,16,14,11309,29,2.52,2.83,3,3,7.9,0,3,5,1,2017-12-31,2023-05-31,False,0.8,7,11,none,3.17,4,70.68,1.0,4,29,3,False,False
EMP-20366,R&D,2,57,M,divorced,master,9,8,7691,19,2.83,3.0,1,2,21.4,3,1,6,2,2018-01-03,2023-06-05,False,1.9,8,13,none,2.65,4,48.07,5.3,3,20,1,False,False
EMP-20367,Finance,4,56,F,married,bachelor,19,15,12873,1,5.0,3.23,4,3,53.5,4,3,3,3,2018-01-06,2023-06-10,False,0.0,12,19,frequent,5.0,3,80.46,10.7,4,24,4,False,False
EMP-20368,Operations,5,33,M,married,bachelor,14,14,12296,33,2.14,2.07,7,0,27.7,0,2,1,1,2018-01-09,2023-06-15,False,3.7,1,16,frequent,1.58,1,76.85,7.3,2,27,7,False,False
EMP-20369,Sales,4,36,F,married,master,3,0,9204,9,4.24,4.32,1,0,53.8,4,2,7,1,2018-01-12,2023-06-20,False,0.2,2,6,none,4.28,4,57.52,13.6,3,3,1,False,False
EMP-20370,Finance,2,49,M,single,master,15,14,8524,12,4.34,3.31,2,2,30.1,4,3,7,3,2018-01-15,2023-06-25,False,0.1,7,17,rare,4.8,2,53.28,24.8,2,16,2,False,False
EMP-20371,Sales,5,49,M,married,bachelor,9,9,13214,3,3.85,4.3,5,3,11.6,3,1,1,3,2018-01-18,2023-06-30,False,0.0,9,11,rare,3.94,3,82.59,17.6,3,11,5,False,False
EMP-20372,HR,1,33,M,single,bachelor,9,6,4409,24,3.31,3.23,0,2,45.8,5,1,8,2,2018-01-21,2023-07-05,False,0.9,3,12,rare,4.24,1,27.56,10.1,1,17,0,False,False
EMP-20373,IT,5,23,M,married,bachelor,7,7,13150,15,3.27,3.03,7,3,21.9,2,3,8,3,2018-01-24,2023-07-10,False,0.1,9,4,none,3.48,2,82.19,17.1,2,8,7,False,False
EMP-20374,Operations,1,25,M,married,bachelor,12,10,7110,7,4.41,3.01,4,1,58.0,0,3,8,3,2018-01-27,2023-07-15,False,0.1,1,10,none,4.19,2,44.44,21.8,1,15,4,False,False
EMP-20375,Sales,1,51,M,single,bachelor,4,4,5105,22,3.53,2.32,7,2,16.5,3,1,5,2,2018-01-30,2023-07-20,False,1.5,4,8,none,3.71,3,31.91,5.7,3,7,7,True,False
EMP-20376,Sales,1,34,F,married,bachelor,0,0,4848,6,3.17,4.43,3,2,49.5,3,3,7,1,2018-02-02,2023-07-25,False,0.4,7,4,frequent,2.58,4,30.3,17.9,3,3,3,False,False
EMP-20377,Sales,1,48,F,single,phd,13,13,6817,18,2.54,3.18,6,3,30.1,5,3,1,4,2018-02-05,2023-07-30,False,1.1,1,17,rare,2.22,1,42.61,15.3,4,13,6,False,False
EMP-20378,HR,4,50,M,single,bachelor,19,15,12831,23,3.89,1.98,2,2,50.7,1,0,6,3,2018-02-08,2023-08-04,False,1.0,9,5,rare,3.4,3,80.19,18.3,2,22,2,False,False
EMP-20379,Finance,2,54,F,single,college,11,9,6585,28,1.5,3.02,3,1,11.8,0,3,2,1,2018-02-11,2023-08-09,False,3.4,8,15,frequent,1.51,4,41.16,2.1,4,15,3,False,False
EMP-20380,Operations,1,39,F,single,bachelor,1,0,4196,24,3.51,1.91,2,0,38.4,4,0,9,1,2018-02-14,2023-08-14,False,5.7,8,15,none,3.49,1,26.22,18.3,4,12,2,False,False
EMP-20381,Operations,2,44,F,single,master,1,0,6403,19,3.3,2.64,4,1,7.7,1,3,9,2,2018-02-17,2023-08-19,False,0.2,8,13,none,3.78,3,40.02,19.7,2,9,4,False,False
EMP-20382,HR,5,29,F,divorced,bachelor,8,7,12271,1,3.81,3.99,1,0,48.5,1,3,2,1,2018-02-20,2023-08-24,False,0.1,10,17,none,3.77,4,76.69,17.2,4,12,1,True,False
EMP-20383,HR,3,55,F,single,bachelor,17,15,11614,8,3.05,4.86,4,0,14.9,4,3,5,4,2018-02-23,2023-08-29,False,0.2,10,4,rare,2.65,1,72.59,4.9,4,19,4,False,False
EMP-20384,IT,4,53,M,married,master,12,9,12148,20,3.31,3.41,6,2,26.2,1,1,6,4,2018-02-26,2023-09-03,False,0.3,10,3,rare,3.93,3,75.92,4.0,2,19,6,False,False
EMP-20385,Finance,2,36,M,single,bachelor,4,1,6192,18,3.6,2.86,1,0,39.7,4,3,7,1,2018-03-01,2023-09-08,False,1.4,3,17,none,2.42,2,38.7,18.5,2,8,1,False,False
EMP-20386,R&D,3,35,F,single,bachelor,10,10,9429,18,4.99,3.11,6,1,29.2,1,2,5,1,2018-03-04,2023-09-13,False,0.1,10,6,none,5.0,3,58.93,16.2,1,20,6,False,False
EMP-20387,HR,4,48,M,single,bachelor,2,0,11344,25,2.98,3.21,6,0,47.0,3,0,8,2,2018-03-07,2023-09-18,False,2.9,3,8,rare,3.07,3,70.9,24.6,2,5,6,True,False
EMP-20388,R&D,4,36,F,single,master,7,4,10523,31,3.47,3.16,0,0,41.6,3,3,4,4,2018-03-10,2023-09-23,False,3.7,1,14,rare,3.47,1,65.77,11.4,2,21,0,True,False
EMP-20389,IT,1,48,M,single,bachelor,18,15,7641,17,2.77,3.03,5,2,8.7,3,3,3,3,2018-03-13,2023-09-28,False,0.3,14,12,none,2.97,1,47.76,5.7,2,19,5,False,False
EMP-20390,Operations,4,25,F,single,bachelor,9,8,12387,4,4.35,3.69,3,0,46.6,1,1,7,4,2018-03-16,2023-10-03,False,0.1,3,6,rare,4.39,2,77.42,19.2,2,21,3,True,False
EMP-20391,Operations,4,31,F,single,bachelor,0,0,11173,15,3.44,2.83,5,1,26.0,0,0,5,1,2018-03-19,2023-10-08,False,0.3,2,6,none,3.64,2,69.83,18.7,1,10,5,False,False
EMP-20392,Operations,1,50,F,married,master,4,1,5424,8,4.19,3.93,2,0,36.3,3,2,1,1,2018-03-22,2023-10-13,False,0.1,5,17,none,3.95,2,33.9,13.1,2,14,2,False,False
EMP-20393,Operations,2,55,F,divorced,college,1,0,7721,18,3.65,3.61,1,0,13.8,2,1,6,2,2018-03-25,2023-10-18,False,0.3,14,11,none,3.07,4,48.26,18.7,1,14,1,False,False
EMP-20394,IT,4,22,M,single,bachelor,5,4,10382,20,4.12,2.03,2,0,26.0,5,2,3,4,2018-03-28,2023-10-23,False,0.8,13,18,rare,4.1,3,64.89,7.8,1,11,2,True,False
EMP-20395,Operations,1,50,F,married,bachelor,4,3,7269,19,3.74,2.85,1,0,49.2,5,1,8,4,2018-03-31,2023-10-28,False,0.8,11,12,rare,3.33,2,45.43,5.4,3,14,1,False,False
EMP-20396,HR,4,24,F,married,master,16,15,12313,20,2.63,2.39,3,0,55.6,0,0,8,2,2018-04-03,2023-11-02,False,1.7,3,14,rare,2.34,3,76.96,3.2,4,23,3,False,False
EMP-20397,Finance,5,53,F,married,college,6,5,13637,10,2.98,3.58,6,2,56.4,2,0,4,2,2018-04-06,2023-11-07,False,0.3,9,8,none,3.44,1,85.23,7.3,1,16,6,False,False
EMP-20398,IT,3,31,M,married,bachelor,0,0,8110,6,4.3,3.08,6,0,42.3,2,2,8,1,2018-04-09,2023-11-12,False,0.2,12,3,rare,4.92,1,50.69,16.4,3,8,6,False,False
EMP-20399,IT,3,35,M,married,master,6,6,9520,29,3.16,1.89,1,3,5.7,2,1,9,2,2018-04-12,2023-11-17,False,1.5,5,11,none,3.62,1,59.5,6.5,4,20,1,False,False
EMP-20400,R&D,1,47,M,divorced,master,13,12,6795,14,2.87,3.86,4,1,27.1,4,0,7,3,2018-04-15,2023-11-22,False,0.4,4,15,none,3.25,2,42.47,22.1,3,17,4,False,False
EMP-20401,Sales,4,52,F,single,bachelor,13,10,11017,7,3.93,3.57,0,1,12.4,2,2,6,1,2018-04-18,2023-11-27,False,0.2,13,9,rare,3.95,3,68.86,6.2,1,23,0,False,False
EMP-20402,Sales,5,36,F,married,master,17,14,13273,34,1.74,2.27,0,3,42.2,0,3,9,4,2018-04-21,2023-12-02,False,18.3,2,17,rare,2.15,3,82.96,17.1,4,19,0,False,False
EMP-20403,IT,5,33,F,married,master,5,4,12436,1,3.97,4.17,5,3,10.5,2,0,8,3,2018-04-24,2023-12-07,False,0.0,13,14,none,4.11,3,77.72,13.2,1,5,5,False,False
EMP-20404,Finance,3,57,M,divorced,bachelor,10,7,10484,12,3.09,3.89,2,1,58.7,4,0,5,2,2018-04-27,2023-12-12,False,0.2,7,11,none,3.87,1,65.53,5.3,3,20,2,False,False
EMP-20405,Operations,1,56,M,married,bachelor,11,11,4655,25,3.18,2.54,5,3,12.5,2,1,1,2,2018-04-30,2023-12-17,False,1.2,11,12,none,2.81,3,29.09,13.9,2,14,5,False,False
EMP-20406,R&D,2,40,F,divorced,bachelor,0,0,6310,14,3.31,3.1,1,2,4.1,1,3,6,2,2018-05-03,2023-12-22,False,0.1,6,6,rare,3.58,3,39.44,23.9,3,0,1,False,False
EMP-20407,Finance,2,22,F,married,bachelor,0,0,7648,29,3.95,2.35,0,2,50.8,4,1,5,4,2018-05-06,2023-12-27,False,0.8,10,17,rare,3.44,4,47.8,23.6,1,9,0,True,False
EMP-20408,Sales,1,56,M,married,master,15,14,5614,12,4.11,3.94,5,3,12.9,0,3,4,3,2018-05-09,2024-01-01,False,0.0,13,4,rare,4.38,1,35.09,7.3,4,24,5,False,False
EMP-20409,IT,1,44,M,married,master,6,5,6523,22,4.23,2.87,1,2,2.4,2,2,2,1,2018-05-12,2024-01-06,False,0.6,7,3,none,3.54,1,40.77,13.4,1,15,1,False,False
EMP-20410,Sales,3,41,M,married,phd,12,10,8938,14,5.0,3.15,0,2,33.3,0,3,7,2,2018-05-15,2024-01-11,False,0.1,3,16,none,4.51,2,55.86,3.8,4,18,0,True,False
EMP-20411,Finance,1,26,F,married,master,15,14,5867,16,3.74,3.4,6,2,58.2,3,2,9,4,2018-05-18,2024-01-16,False,0.2,2,3,none,3.23,1,36.67,11.7,1,27,6,False,False
EMP-20412,R&D,1,57,M,married,bachelor,4,2,5162,17,4.57,4.07,5,2,16.8,5,1,6,2,2018-05-21,2024-01-21,False,0.1,13,11,none,4.67,1,32.26,8.0,2,4,5,False,False
EMP-20413,IT,5,47,M,single,bachelor,14,14,15179,34,1.97,2.34,7,3,25.1,2,2,3,4,2018-05-24,2024-01-26,False,2.5,14,6,rare,2.11,1,94.87,23.2,3,16,7,False,False
EMP-20414,Sales,4,29,F,divorced,master,2,0,9928,26,3.61,2.57,4,2,15.0,5,0,1,3,2018-05-27,2024-01-31,False,0.8,10,14,none,4.59,3,62.05,15.8,3,7,4,False,False
EMP-20415,Operations,5,35,M,married,bachelor,12,12,12054,12,2.79,4.37,3,1,33.9,5,3,7,4,2018-05-30,2024-02-05,False,0.3,1,5,none,2.75,2,75.34,4.6,2,26,3,True,False
EMP-20416,Finance,2,34,M,married,bachelor,1,0,5598,14,3.63,3.96,5,0,20.0,4,0,2,3,2018-06-02,2024-02-10,False,0.2,13,7,none,3.94,4,34.99,24.8,2,11,5,False,False
EMP-20417,Operations,2,53,F,single,master,6,4,8066,14,3.96,3.89,6,3,35.9,1,2,1,3,2018-06-05,2024-02-15,False,0.1,7,11,none,4.02,1,50.41,17.4,3,13,6,False,False
EMP-20418,HR,4,39,M,single,master,8,5,10076,25,3.32,2.5,5,1,29.2,0,2,2,2,2018-06-08,2024-02-20,False,0.7,4,9,frequent,3.6,4,62.98,3.4,1,22,5,False,False
EMP-20419,Sales,4,53,M,single,bachelor,9,8,12230,20,2.34,2.7,2,1,55.8,0,0,2,1,2018-06-11,2024-02-25,False,7.1,6,6,frequent,2.4,2,76.44,20.0,1,22,2,False,False
EMP-20420,HR,2,46,F,single,master,0,0,6656,18,2.96,2.18,7,3,40.5,2,1,4,4,2018-06-14,2024-03-01,False,0.4,14,4,rare,3.4,3,41.6,13.9,2,1,7,False,False
EMP-20421,Sales,5,35,M,married,bachelor,14,14,13654,15,3.52,3.73,5,0,41.3,2,2,3,2,2018-06-17,2024-03-06,False,0.3,11,3,none,3.1,4,85.34,10.0,1,21,5,False,False
EMP-20422,Operations,4,36,F,divorced,master,0,0,10438,13,3.16,3.39,7,0,29.7,1,3,2,1,2018-06-20,2024-03-11,False,0.4,9,6,rare,2.18,2,65.24,4.9,1,14,7,False,False
EMP-20423,IT,2,51,F,married,master,17,14,7999,19,2.6,2.15,4,2,18.9,5,1,8,2,2018-06-23,2024-03-16,False,1.0,11,7,rare,2.77,1,49.99,6.9,1,19,4,False,False
EMP-20424,HR,1,39,F,married,master,3,0,5270,29,3.15,3.15,3,3,19.5,4,0,8,2,2018-06-26,2024-03-21,False,0.7,12,5,rare,2.43,1,32.94,4.2,4,5,3,False,False
EMP-20425,R&D,1,46,M,divorced,bachelor,13,10,5406,33,2.96,2.18,6,3,30.7,4,0,3,1,2018-06-29,2024-03-26,False,3.3,9,11,none,3.48,4,33.79,20.1,1,18,6,False,False
EMP-20426,Finance,5,26,M,divorced,master,11,10,14399,2,3.78,3.79,4,3,12.3,3,2,4,4,2018-07-02,2024-03-31,False,0.0,5,18,none,3.56,1,89.99,6.8,1,25,4,False,False
EMP-20427,Sales,5,37,F,married,bachelor,7,6,12018,8,3.75,2.84,6,3,8.8,3,3,8,2,2018-07-05,2024-04-05,False,0.1,2,15,none,3.33,4,75.11,11.7,4,10,6,False,False
EMP-20428,R&D,3,42,F,married,master,9,6,9831,23,3.41,3.1,7,2,23.0,5,1,9,2,2018-07-08,2024-04-10,False,0.4,2,8,none,4.49,3,61.44,24.2,2,18,7,False,False
EMP-20429,Sales,4,34,F,married,college,0,0,9372,5,3.24,4.0,2,3,8.7,2,0,8,3,2018-07-11,2024-04-15,False,0.1,4,10,rare,3.23,3,58.58,24.9,2,3,2,False,False
EMP-20430,Operations,5,52,M,married,bachelor,18,15,13733,21,2.66,2.93,1,1,14.6,0,0,5,3,2018-07-14,2024-04-20,False,0.5,11,16,frequent,2.58,2,85.83,19.8,3,29,1,False,False
EMP-20431,IT,1,29,M,single,master,0,0,4501,14,4.35,3.09,1,2,32.6,1,3,9,2,2018-07-17,2024-04-25,False,0.2,2,19,none,4.65,4,28.13,20.0,3,13,1,True,False
EMP-20432,R&D,5,52,M,married,bachelor,13,13,15945,6,3.18,5.0,4,0,47.6,1,2,7,4,2018-07-20,2024-04-30,False,0.2,2,12,rare,3.51,1,99.66,23.6,2,13,4,False,False
EMP-20433,IT,3,24,F,married,master,0,0,8388,17,3.13,2.55,6,2,14.3,5,0,7,4,2018-07-23,2024-05-05,False,0.3,14,6,none,3.59,3,52.42,19.9,4,5,6,False,False
EMP-20434,Sales,3,37,M,single,master,12,10,9183,17,2.47,2.79,7,1,47.7,3,1,1,2,2018-07-26,2024-05-10,False,0.3,6,17,none,1.94,1,57.39,11.3,1,20,7,False,False
EMP-20435,R&D,1,40,M,divorced,master,6,4,5164,24,3.37,3.15,0,3,1.9,2,2,6,3,2018-07-29,2024-05-15,False,0.7,2,11,rare,3.58,2,32.28,1.5,1,8,0,False,False
EMP-20436,Finance,4,31,F,divorced,master,7,5,9836,28,2.99,2.09,0,1,59.8,0,2,3,1,2018-08-01,2024-05-20,False,3.5,13,3,none,2.87,1,61.48,5.2,3,16,0,False,False
EMP-20437,Sales,4,41,M,married,college,0,0,10070,33,1.39,1.81,5,0,31.5,4,1,6,2,2018-08-04,2024-05-25,True,30.1,14,7,frequent,1.02,3,62.94,11.1,4,5,5,False,True
EMP-20438,IT,1,54,M,single,phd,4,4,6761,15,3.11,3.82,2,2,29.1,3,2,6,2,2018-08-07,2024-05-30,False,0.6,8,12,frequent,3.13,1,42.26,6.6,4,4,2,False,False
EMP-20439,IT,4,37,M,single,college,6,5,11189,24,2.09,3.1,3,0,39.4,4,3,1,2,2018-08-10,2024-06-04,False,3.4,2,16,none,1.37,1,69.93,8.2,3,15,3,False,False
EMP-20440,Sales,1,41,M,married,bachelor,13,10,7083,27,3.74,2.89,0,0,29.0,0,3,5,4,2018-08-13,2024-06-09,False,2.5,9,17,none,4.11,2,44.27,1.5,1,13,0,True,False
EMP-20441,Finance,2,56,F,married,college,11,8,7192,34,1.69,2.39,0,1,25.1,3,3,5,3,2018-08-16,2024-06-14,False,11.6,13,6,none,1.57,2,44.95,13.8,3,14,0,False,False
EMP-20442,HR,4,55,M,married,bachelor,5,5,10637,22,2.97,2.55,4,2,22.9,2,1,1,2,2018-08-19,2024-06-19,False,0.8,14,15,frequent,2.78,4,66.48,8.8,1,7,4,False,False
EMP-20443,R&D,4,22,M,single,bachelor,8,7,11323,8,4.01,3.47,5,2,58.7,1,0,8,2,2018-08-22,2024-06-24,False,0.1,9,19,none,3.95,4,70.77,6.5,4,8,5,False,False
EMP-20444,Operations,1,48,F,single,bachelor,3,1,4580,11,4.02,3.41,7,0,51.8,1,1,9,3,2018-08-25,2024-06-29,False,0.3,14,16,rare,3.95,2,28.62,15.3,1,9,7,False,False
EMP-20445,R&D,3,52,M,single,bachelor,11,11,10040,7,3.51,4.07,3,2,30.6,1,0,1,1,2018-08-28,2024-07-04,False,0.0,12,15,none,3.97,3,62.75,6.9,1,24,3,False,False
EMP-20446,Finance,2,55,F,married,master,10,9,8292,6,4.17,3.91,5,0,50.4,4,2,2,1,2018-08-31,2024-07-09,False,0.2,3,16,rare,3.73,4,51.82,11.9,3,14,5,False,False
EMP-20447,HR,4,50,F,married,bachelor,4,4,11114,10,4.12,3.04,6,3,9.8,0,2,2,3,2018-09-03,2024-07-14,False,0.0,9,12,none,3.97,2,69.46,6.2,3,7,6,False,False
EMP-20448,Finance,5,24,M,single,master,1,0,11999,17,3.01,3.54,3,0,32.2,5,1,4,2,2018-09-06,2024-07-19,False,1.0,10,13,frequent,2.92,4,74.99,17.0,2,13,3,False,False
EMP-20449,Sales,4,49,F,married,bachelor,10,7,12273,27,1.48,1.81,1,0,27.6,5,0,6,3,2018-09-09,2024-07-24,False,22.7,11,12,rare,1.05,3,76.71,21.4,2,24,1,False,False
EMP-20450,Sales,4,52,M,divorced,bachelor,11,8,11314,10,4.19,3.34,6,2,20.2,5,2,3,4,2018-09-12,2024-07-29,False,0.1,8,19,none,4.25,3,70.71,2.0,3,15,6,False,False
EMP-20451,Operations,3,40,M,married,phd,18,15,10281,6,4.05,3.13,0,3,55.2,5,0,8,2,2018-09-15,2024-08-03,False,0.1,11,9,none,3.76,4,64.26,20.5,3,18,0,False,False
EMP-20452,Operations,3,22,F,single,master,6,4,10273,4,3.87,3.37,2,3,50.1,1,1,3,3,2018-09-18,2024-08-08,False,0.1,9,16,rare,3.31,2,64.21,21.3,3,17,2,True,False
EMP-20453,Sales,2,28,M,married,bachelor,5,2,6314,6,2.77,4.66,1,2,54.5,2,3,3,2,2018-09-21,2024-08-13,False,0.4,4,3,rare,2.98,1,39.46,24.1,1,14,1,False,False
EMP-20454,HR,5,31,M,divorced,master,7,4,11478,15,2.97,2.51,5,0,38.5,0,3,6,4,2018-09-24,2024-08-18,False,1.8,7,10,frequent,3.59,3,71.74,20.7,3,21,5,False,False
EMP-20455,Sales,2,53,M,single,phd,17,15,7946,14,3.11,2.89,2,3,23.2,5,2,8,1,2018-09-27,2024-08-23,False,1.2,14,18,none,3.13,2,49.66,13.8,1,26,2,False,False
EMP-20456,Finance,5,26,M,single,bachelor,3,2,12670,13,2.5,3.61,2,0,45.7,4,1,3,3,2018-09-30,2024-08-28,False,1.3,12,7,frequent,2.46,1,79.19,1.8,1,16,2,True,False
EMP-20457,Sales,4,48,M,married,bachelor,6,3,11947,11,3.38,3.21,5,1,7.4,0,0,4,2,2018-10-03,2024-09-02,False,0.1,10,16,none,3.33,1,74.67,1.9,4,8,5,False,False
EMP-20458,R&D,5,28,F,single,college,4,1,11952,15,2.83,3.33,2,3,51.3,5,2,4,4,2018-10-06,2024-09-07,False,0.2,5,11,frequent,2.62,3,74.7,4.9,1,6,2,False,False
EMP-20459,Finance,4,51,F,divorced,bachelor,12,11,13092,22,2.74,3.61,2,2,2.7,0,1,5,1,2018-10-09,2024-09-12,False,0.2,3,5,frequent,3.21,4,81.82,11.2,2,21,2,False,False
EMP-20460,HR,2,22,F,married,bachelor,10,9,7822,1,4.6,4.28,3,3,49.3,4,2,4,1,2018-10-12,2024-09-17,False,0.0,4,4,rare,4.64,2,48.89,23.9,2,21,3,False,False
EMP-20461,Operations,2,30,M,single,bachelor,7,7,7348,31,3.11,2.22,0,3,42.5,0,0,9,4,2018-10-15,2024-09-22,False,0.5,5,5,frequent,2.24,3,45.92,4.4,1,12,0,False,False
EMP-20462,R&D,1,25,F,divorced,bachelor,2,0,4360,10,3.65,3.43,7,3,6.2,4,3,2,3,2018-10-18,2024-09-27,False,0.0,14,10,rare,4.13,1,27.25,13.5,1,8,7,False,False
EMP-20463,Operations,5,41,M,married,college,12,12,15001,4,3.22,4.07,7,2,9.7,5,3,4,3,2018-10-21,2024-10-02,False,0.0,8,8,rare,3.6,1,93.76,25.0,1,17,7,True,False
EMP-20464,HR,1,50,M,married,college,5,4,5280,6,3.84,4.02,5,3,27.7,5,1,3,4,2018-10-24,2024-10-07,False,0.1,6,18,none,4.08,4,33.0,0.3,3,5,5,False,False
EMP-20465,Sales,5,36,M,single,master,15,15,12734,19,2.84,3.06,0,0,18.7,0,0,6,2,2018-10-27,2024-10-12,False,1.6,13,15,none,1.74,3,79.59,1.2,3,28,0,False,False
EMP-20466,Operations,4,41,F,married,master,11,8,13486,18,3.53,3.28,3,0,52.2,0,1,8,1,2018-10-30,2024-10-17,False,0.4,6,5,rare,3.53,1,84.29,6.7,3,24,3,False,False
EMP-20467,Operations,1,45,F,divorced,phd,7,7,5955,3,3.6,4.03,2,0,12.4,0,1,9,4,2018-11-02,2024-10-22,False,0.2,12,11,frequent,3.96,3,37.22,5.6,1,21,2,False,False
EMP-20468,R&D,5,38,M,single,master,2,0,12879,17,3.95,3.1,1,0,25.6,4,3,4,1,2018-11-05,2024-10-27,False,0.5,9,16,frequent,4.1,3,80.49,12.5,3,9,1,True,False
EMP-20469,HR,1,49,F,married,master,15,15,7945,7,4.42,3.35,7,0,16.4,1,0,3,3,2018-11-08,2024-11-01,False,0.0,5,14,rare,4.5,1,49.66,10.5,1,17,7,False,False
EMP-20470,Operations,1,32,F,divorced,college,10,9,6492,31,1.47,2.82,3,3,8.5,2,0,9,2,2018-11-11,2024-11-06,False,0.9,14,3,frequent,1.83,2,40.58,14.6,2,16,3,False,False
EMP-20471,Sales,3,28,M,married,bachelor,14,12,10860,10,3.7,3.65,5,1,16.3,2,3,1,1,2018-11-14,2024-11-11,False,0.1,10,3,rare,3.76,4,67.88,3.7,4,24,5,False,False
EMP-20472,IT,1,28,F,single,bachelor,11,9,6163,34,3.61,1.26,5,1,51.7,2,0,2,4,2018-11-17,2024-11-16,False,4.9,14,12,rare,4.09,2,38.52,17.1,2,13,5,False,False
EMP-20473,Sales,1,28,F,single,master,12,10,6827,20,3.78,2.59,2,2,43.2,2,0,9,4,2018-11-20,2024-11-21,False,0.7,1,18,none,3.84,3,42.67,5.4,1,14,2,False,False
EMP-20474,IT,4,23,F,married,master,0,0,10173,33,2.33,2.11,2,1,54.9,2,3,8,1,2018-11-23,2024-11-26,False,11.2,4,3,rare,2.36,3,63.58,11.3,3,14,2,False,False
EMP-20475,Finance,5,23,F,married,bachelor,0,0,11984,19,2.95,2.95,7,2,24.9,1,2,6,4,2018-11-26,2024-12-01,False,0.5,5,5,rare,3.31,1,74.9,0.8,1,0,7,True,False
EMP-20476,Sales,1,23,M,single,bachelor,10,7,6096,4,4.3,4.4,6,0,15.2,2,1,3,4,2018-11-29,2024-12-06,False,0.0,10,6,rare,4.14,4,38.1,19.9,1,18,6,False,False
EMP-20477,Operations,4,27,M,single,master,0,0,9883,22,3.48,4.5,4,2,2.6,4,1,9,3,2018-12-02,2024-12-11,False,0.1,12,8,rare,3.04,4,61.77,15.7,3,2,4,False,False
EMP-20478,Finance,4,44,F,married,master,16,14,12524,16,2.41,1.97,4,3,30.2,0,2,9,4,2018-12-05,2024-12-16,False,0.5,2,18,frequent,2.41,3,78.28,5.2,3,16,4,False,False
EMP-20479,IT,1,30,M,married,phd,15,12,7001,28,2.87,2.75,0,0,3.3,5,3,8,1,2018-12-08,2024-12-21,False,1.1,3,19,frequent,3.11,1,43.76,15.0,1,24,0,False,False
EMP-20480,Operations,1,43,F,single,phd,10,10,6655,13,4.81,3.38,1,0,1.3,2,1,7,1,2018-12-11,2024-12-26,False,0.1,10,8,rare,5.0,4,41.59,10.9,3,12,1,True,False
EMP-20481,IT,3,24,M,married,master,11,8,10232,6,3.83,3.61,0,0,36.7,1,0,6,4,2018-12-14,2024-12-31,False,0.3,5,15,rare,4.2,1,63.95,20.7,1,21,0,False,False
EMP-20482,IT,4,50,M,married,master,8,5,12760,3,4.7,4.12,6,2,10.7,2,0,4,2,2018-12-17,2025-01-05,False,0.0,10,3,rare,4.67,3,79.75,24.6,3,20,6,False,False
EMP-20483,R&D,2,34,F,single,master,17,15,9482,26,4.95,2.77,7,3,34.0,5,3,5,1,2018-12-20,2025-01-10,False,0.1,1,11,rare,4.88,2,59.26,3.1,3,24,7,False,False
EMP-20484,IT,3,37,M,single,bachelor,0,0,8234,8,3.43,3.42,1,3,34.8,4,3,5,4,2018-12-23,2025-01-15,False,0.1,8,13,rare,3.19,3,51.46,12.3,1,2,1,False,False
EMP-20485,Sales,3,46,M,divorced,bachelor,4,3,9242,23,2.41,2.86,2,3,43.7,4,3,5,2,2018-12-26,2025-01-20,False,2.1,1,17,frequent,2.51,1,57.76,6.5,3,18,2,False,False
EMP-20486,Finance,4,57,F,divorced,bachelor,13,12,12890,4,3.58,4.08,2,2,23.6,1,2,8,4,2018-12-29,2025-01-25,False,0.1,14,16,frequent,2.92,4,80.56,18.7,3,18,2,False,False
EMP-20487,Sales,2,50,M,single,phd,15,12,7640,2,4.78,4.13,6,2,42.6,5,0,2,4,2019-01-01,2025-01-30,False,0.0,3,4,rare,4.79,3,47.75,0.9,2,26,6,False,False
EMP-20488,Sales,4,36,F,divorced,phd,2,1,12051,24,3.68,2.89,3,1,22.6,4,0,1,2,2019-01-04,2025-02-04,False,2.8,3,10,none,4.82,2,75.32,13.6,3,4,3,False,False
EMP-20489,Operations,5,34,F,married,bachelor,14,11,13060,12,4.63,3.11,0,2,6.8,0,0,5,4,2019-01-07,2025-02-09,False,0.0,2,4,rare,4.03,2,81.62,21.4,4,16,0,False,False
EMP-20490,Finance,3,34,F,divorced,phd,7,7,9960,19,3.27,4.46,4,0,19.3,2,1,2,2,2019-01-10,2025-02-14,False,1.4,4,3,frequent,3.33,3,62.25,9.7,2,17,4,False,False
EMP-20491,Finance,4,25,F,divorced,master,14,11,11885,0,4.19,4.18,1,3,1.4,5,3,8,3,2019-01-13,2025-02-19,False,0.0,7,5,frequent,4.34,1,74.28,20.9,4,17,1,False,False
EMP-20492,R&D,1,34,M,married,bachelor,3,0,5119,6,3.68,4.08,5,0,28.3,3,2,8,2,2019-01-16,2025-02-24,False,0.2,9,18,frequent,3.88,2,31.99,3.7,1,10,5,False,False
EMP-20493,IT,5,49,F,married,bachelor,13,11,12518,3,2.13,3.6,6,3,44.7,3,1,9,1,2019-01-19,2025-03-01,False,0.1,13,7,rare,1.74,4,78.24,23.0,3,21,6,False,False
EMP-20494,HR,2,31,M,single,phd,2,2,7566,9,3.82,3.64,0,1,47.3,2,2,4,1,2019-01-22,2025-03-06,False,0.3,13,15,rare,4.03,4,47.29,19.8,2,3,0,False,False
EMP-20495,Sales,1,36,M,married,bachelor,0,0,3769,9,3.3,3.64,7,2,14.7,0,3,9,2,2019-01-25,2025-03-11,False,0.3,2,15,none,3.09,2,23.56,9.8,3,4,7,False,False
EMP-20496,IT,3,24,F,married,master,11,8,8566,13,3.92,2.39,5,0,7.2,5,1,1,3,2019-01-28,2025-03-16,False,0.2,6,17,rare,3.35,3,53.54,3.3,3,13,5,False,False
EMP-20497,R&D,2,31,M,married,master,11,8,8848,8,2.75,3.24,0,1,11.9,4,3,9,4,2019-01-31,2025-03-21,False,0.5,13,12,none,3.13,2,55.3,13.0,4,11,0,False,False
EMP-20498,Operations,3,24,M,single,master,2,1,10072,15,3.01,2.88,1,3,59.0,1,0,3,1,2019-02-03,2025-03-26,False,0.5,3,19,frequent,3.28,1,62.95,16.8,3,16,1,False,False
EMP-20499,Sales,5,38,F,married,master,10,9,12666,31,2.67,2.15,1,0,19.4,1,1,1,3,2019-02-06,2025-03-31,False,2.8,10,10,none,2.28,2,79.16,3.2,1,10,1,False,False
