batch_id,production_line,shift,operator_experience_years,material_grade,temperature_c,humidity_pct,speed_rpm,batch_size_units,defect_count,defect_rate,downtime_minutes,energy_kwh,maintenance_days_ago,quality_score,passed_inspection,product_type,order_priority,supplier_id,tool_wear_pct,vibration_mm_s,pressure_bar,cycle_time_sec,scrap_cost_usd,shift_supervisor,weekday,production_date,is_weekend,target_met,rework_units,oee_pct
BATCH-5000,Line_A,day,16,B,19.7,67.1,1317,217,7,0.0323,30.9,242.1,58,88.8,True,widget,high,SUP-01,36.0,0.256,3.27,11.8,51.29,Petrov,5,2024-01-02,False,True,4,86.0
BATCH-5001,Line_C,night,4,B,20.37,65.5,920,89,5,0.0562,10.9,115.3,33,78.0,False,bracket,normal,SUP-01,16.2,0.871,5.01,6.7,25.26,Sidorov,0,2024-01-03,True,False,2,80.0
BATCH-5002,Line_B,night,5,A,30.99,63.7,1098,318,25,0.0786,52.7,306.0,26,57.4,False,bracket,normal,SUP-01,70.2,1.287,4.99,16.5,373.46,Ivanov,3,2024-01-04,False,False,8,72.3
BATCH-5003,Line_C,night,17,B,26.46,58.5,1141,248,9,0.0363,31.2,256.7,73,78.5,True,widget,high,SUP-04,55.3,0.646,5.25,14.3,215.86,Petrov,5,2024-01-05,False,True,6,90.7
BATCH-5004,Line_A,night,17,B,23.0,63.4,929,73,3,0.0411,42.6,96.5,37,81.3,True,bracket,normal,SUP-02,27.3,0.859,4.49,7.1,49.36,Ivanov,6,2024-01-06,False,False,1,83.0
BATCH-5005,Line_A,night,0,A,27.75,68.8,866,311,19,0.0611,53.6,295.6,58,77.1,False,bracket,low,SUP-01,42.2,1.086,3.98,21.8,236.72,Ivanov,6,2024-01-07,False,False,8,75.9
BATCH-5006,Line_B,day,5,B,24.06,82.8,1044,144,8,0.0556,17.8,162.6,3,77.9,False,bracket,normal,SUP-01,53.6,0.924,4.33,11.9,44.95,Kozlov,1,2024-01-08,True,False,3,74.4
BATCH-5007,Line_A,night,14,C,29.9,73.4,1467,155,15,0.0968,36.0,199.2,7,45.3,False,bracket,urgent,SUP-01,62.6,1.481,4.5,8.0,349.49,Ivanov,1,2024-01-09,False,False,4,73.3
BATCH-5008,Line_A,evening,15,B,17.36,70.0,1231,54,2,0.037,22.7,102.1,76,80.2,True,housing,urgent,SUP-04,6.4,0.996,4.1,3.1,23.09,Ivanov,4,2024-01-10,False,True,0,85.8
BATCH-5009,Line_C,day,19,B,21.2,92.2,1067,217,8,0.0369,26.0,225.6,13,76.9,True,housing,normal,SUP-02,1.8,0.822,5.16,12.7,152.76,Ivanov,3,2024-01-11,False,True,6,89.1
BATCH-5010,Line_A,evening,11,A,20.61,66.3,827,148,4,0.027,13.4,156.0,71,85.2,True,bracket,high,SUP-01,9.2,0.679,5.4,11.0,75.54,Ivanov,1,2024-01-12,False,True,1,85.9
BATCH-5011,Line_A,day,0,B,16.08,64.7,1220,82,4,0.0488,79.8,125.8,81,83.6,True,gear,normal,SUP-01,31.6,0.955,4.69,1.5,40.31,Sidorov,0,2024-01-13,False,False,2,73.0
BATCH-5012,Line_B,day,17,A,25.18,69.6,865,245,7,0.0286,29.0,248.7,43,78.6,True,bracket,low,SUP-03,37.3,0.785,4.5,16.8,43.93,Kozlov,1,2024-01-14,False,True,4,90.4
BATCH-5013,Line_B,day,3,A,21.19,51.3,1180,149,2,0.0134,11.7,185.1,79,85.2,True,housing,normal,SUP-03,10.9,0.286,3.98,8.0,25.4,Ivanov,2,2024-01-15,True,True,1,89.0
BATCH-5014,Line_B,day,2,A,24.22,57.8,1326,110,1,0.0091,15.6,156.1,39,91.3,True,widget,normal,SUP-04,32.9,0.683,5.12,4.1,11.34,Sidorov,5,2024-01-16,False,True,0,82.4
BATCH-5015,Line_A,evening,13,A,29.08,58.7,1097,260,13,0.05,29.2,262.7,85,76.4,False,widget,normal,SUP-01,35.3,0.91,4.53,14.9,247.07,Petrov,0,2024-01-17,True,False,8,76.0
BATCH-5016,Line_C,night,12,A,22.94,68.4,1010,78,3,0.0385,28.0,117.1,22,83.9,True,bracket,high,SUP-01,8.7,1.137,4.38,4.7,64.19,Ivanov,0,2024-01-18,False,True,1,84.8
BATCH-5017,Line_A,evening,1,B,20.74,59.5,833,495,13,0.0263,34.8,443.3,39,89.0,True,bracket,normal,SUP-01,73.3,0.881,4.69,37.2,122.84,Sidorov,1,2024-01-19,True,True,8,79.2
BATCH-5018,Line_B,evening,3,A,22.36,63.1,817,261,6,0.023,26.0,245.5,35,94.4,True,bracket,normal,SUP-02,47.9,0.964,4.27,20.5,93.39,Ivanov,6,2024-01-20,False,True,4,81.5
BATCH-5019,Line_B,day,11,A,24.96,73.4,1101,498,21,0.0422,104.7,453.1,70,70.1,True,widget,normal,SUP-03,31.1,0.72,4.56,27.5,122.06,Sidorov,6,2024-01-21,False,False,13,83.7
BATCH-5020,Line_C,evening,5,A,20.3,69.7,1418,446,18,0.0404,44.3,418.6,4,85.7,True,bracket,low,SUP-03,40.6,0.83,3.92,16.1,167.13,Sidorov,3,2024-01-22,False,False,12,78.1
BATCH-5021,Line_A,day,13,B,20.11,59.4,971,490,1,0.002,9.7,446.2,74,97.4,True,housing,normal,SUP-01,25.1,0.272,4.93,33.9,20.24,Sidorov,0,2024-01-23,False,True,0,90.3
BATCH-5022,Line_B,night,8,A,27.17,56.5,1202,294,16,0.0544,41.2,305.6,3,76.5,False,housing,urgent,SUP-03,68.3,0.903,4.46,14.4,333.89,Ivanov,0,2024-01-24,False,False,10,77.8
BATCH-5023,Line_A,day,11,A,23.14,73.3,1279,240,8,0.0333,21.1,256.4,29,76.7,True,widget,normal,SUP-03,46.0,1.083,4.96,11.1,164.22,Petrov,6,2024-01-25,False,True,5,88.2
BATCH-5024,Line_A,evening,9,B,15.87,67.5,843,373,17,0.0456,44.3,329.9,54,77.2,True,bracket,low,SUP-01,39.6,1.253,4.42,25.9,133.41,Sidorov,3,2024-01-26,False,False,7,80.5
BATCH-5025,Line_A,evening,7,A,18.32,44.4,907,86,1,0.0116,2.9,117.2,13,95.4,True,housing,normal,SUP-03,72.9,0.386,4.45,4.7,16.02,Kozlov,0,2024-01-27,False,True,0,82.5
BATCH-5026,Line_B,evening,6,C,26.5,59.8,1032,428,25,0.0584,73.3,389.5,44,76.6,False,housing,urgent,SUP-02,67.0,0.992,4.02,28.0,336.35,Ivanov,5,2024-01-28,False,False,11,72.7
BATCH-5027,Line_A,night,13,A,25.21,64.2,1269,195,6,0.0308,65.6,216.1,89,76.7,True,gear,urgent,SUP-01,65.0,0.793,4.8,12.0,148.98,Petrov,3,2024-01-29,True,True,2,85.8
BATCH-5028,Line_B,day,10,A,19.71,68.7,1107,53,1,0.0189,10.1,100.9,74,90.7,True,bracket,normal,SUP-02,18.0,0.806,4.15,3.8,18.08,Kozlov,2,2024-01-30,False,True,0,82.8
BATCH-5029,Line_A,night,11,A,23.49,71.1,1314,156,6,0.0385,12.1,191.8,3,75.3,True,housing,normal,SUP-04,12.2,0.533,4.31,6.9,142.22,Petrov,3,2024-01-31,False,True,2,78.1
BATCH-5030,Line_C,evening,11,B,22.04,64.5,1407,159,5,0.0314,14.1,195.1,53,86.8,True,gear,normal,SUP-03,55.2,0.493,4.5,8.0,39.54,Petrov,1,2024-02-01,False,True,2,86.1
BATCH-5031,Line_C,evening,4,A,24.21,68.1,1331,56,2,0.0357,4.1,108.1,54,86.0,True,bracket,high,SUP-02,37.5,0.955,4.55,2.7,28.03,Kozlov,6,2024-02-02,False,True,0,81.9
BATCH-5032,Line_A,evening,18,C,17.93,61.0,1495,350,15,0.0429,32.0,355.4,7,85.0,True,gear,high,SUP-04,54.7,0.539,3.82,13.7,306.48,Kozlov,5,2024-02-03,False,False,11,84.3
BATCH-5033,Line_A,night,11,A,21.48,54.7,1328,92,4,0.0435,36.3,138.0,58,75.6,True,bracket,high,SUP-02,60.9,0.846,4.41,4.8,49.43,Sidorov,1,2024-02-04,False,False,2,82.7
BATCH-5034,Line_A,night,14,B,24.82,59.8,1397,431,18,0.0418,42.0,409.1,47,83.7,True,bracket,normal,SUP-02,23.6,0.95,4.82,17.6,317.7,Sidorov,5,2024-02-05,False,False,11,84.2
BATCH-5035,Line_C,day,17,A,21.7,61.7,1383,253,6,0.0237,20.0,269.9,61,95.0,True,housing,low,SUP-01,22.8,0.82,4.35,11.5,91.4,Sidorov,1,2024-02-06,False,True,4,90.6
BATCH-5036,Line_A,night,18,A,25.72,62.4,1311,373,14,0.0375,37.8,365.7,27,73.0,True,housing,normal,SUP-04,39.3,0.847,4.41,17.5,347.74,Petrov,3,2024-02-07,False,True,8,88.3
BATCH-5037,Line_B,evening,13,A,18.31,41.6,1361,202,4,0.0198,10.8,228.8,23,93.2,True,housing,low,SUP-04,21.9,0.625,4.56,10.1,33.91,Kozlov,5,2024-02-08,False,True,3,79.7
BATCH-5038,Line_B,evening,15,B,23.07,57.9,1454,109,0,0.0,22.9,152.8,66,100.0,True,widget,low,SUP-01,53.4,0.669,4.45,3.3,0.0,Ivanov,0,2024-02-09,False,True,0,91.8
BATCH-5039,Line_C,night,9,A,27.27,63.7,1133,131,9,0.0687,29.9,166.4,65,64.4,False,widget,normal,SUP-03,59.7,1.244,4.09,8.4,117.28,Ivanov,5,2024-02-10,False,False,4,77.3
BATCH-5040,Line_B,day,14,C,23.46,59.2,1247,340,14,0.0412,40.5,320.6,15,73.3,True,gear,normal,SUP-04,37.8,0.783,4.49,14.5,201.04,Sidorov,1,2024-02-11,False,False,10,82.5
BATCH-5041,Line_B,evening,6,B,22.42,59.3,1160,372,8,0.0215,25.0,353.4,20,94.0,True,gear,high,SUP-03,57.9,0.723,4.9,18.1,124.58,Kozlov,4,2024-02-12,False,True,4,83.8
BATCH-5042,Line_C,day,14,C,21.71,66.4,1396,170,8,0.0471,30.7,202.7,53,70.5,True,gear,high,SUP-01,40.8,1.048,4.08,6.3,82.46,Kozlov,3,2024-02-13,False,False,2,84.8
BATCH-5043,Line_A,day,1,A,19.5,50.1,1102,210,7,0.0333,20.4,223.8,74,82.5,True,housing,high,SUP-04,57.0,1.177,4.35,9.3,169.91,Sidorov,0,2024-02-14,False,True,3,79.1
BATCH-5044,Line_C,night,18,B,23.78,45.9,1374,475,11,0.0232,40.0,451.5,18,88.2,True,gear,high,SUP-02,18.0,0.889,3.95,22.8,255.53,Petrov,5,2024-02-15,False,True,6,93.9
BATCH-5045,Line_A,day,4,B,25.78,59.3,1360,433,14,0.0323,37.9,420.0,20,87.4,True,bracket,high,SUP-02,59.1,1.066,4.88,17.2,342.41,Petrov,1,2024-02-16,False,True,5,83.9
BATCH-5046,Line_B,day,13,B,21.64,69.1,1473,235,3,0.0128,6.6,258.1,72,90.5,True,widget,low,SUP-02,57.2,0.506,4.46,8.2,74.82,Petrov,6,2024-02-17,False,True,1,88.6
BATCH-5047,Line_C,day,0,C,19.33,77.7,974,158,15,0.0949,31.1,178.0,63,49.1,False,widget,normal,SUP-04,21.3,1.344,4.16,12.2,275.94,Petrov,5,2024-02-18,False,False,7,65.4
BATCH-5048,Line_B,evening,3,B,20.52,69.0,1297,185,8,0.0432,21.7,213.8,81,78.9,True,bracket,low,SUP-03,44.5,0.885,4.54,7.4,112.27,Petrov,1,2024-02-19,False,False,4,69.3
BATCH-5049,Line_B,night,19,C,24.6,47.7,1330,292,8,0.0274,16.4,291.5,70,91.3,True,bracket,low,SUP-03,68.4,0.745,4.02,12.8,176.12,Ivanov,4,2024-02-20,False,True,2,88.0
BATCH-5050,Line_A,night,16,B,22.88,59.5,1455,305,5,0.0164,11.0,326.3,85,100.0,True,gear,low,SUP-04,20.0,0.462,4.09,10.5,27.38,Petrov,2,2024-02-21,True,True,3,85.7
BATCH-5051,Line_B,day,4,A,23.46,64.6,1435,132,4,0.0303,13.6,170.1,17,77.3,True,bracket,high,SUP-04,58.9,1.056,3.92,7.2,86.75,Kozlov,4,2024-02-22,False,True,1,81.6
BATCH-5052,Line_A,evening,2,B,23.57,63.8,1201,79,2,0.0253,8.2,125.4,25,88.9,True,housing,high,SUP-04,76.3,0.93,4.07,5.6,29.89,Sidorov,3,2024-02-23,False,True,0,81.4
BATCH-5053,Line_B,evening,16,A,24.67,67.8,1205,272,4,0.0147,20.3,279.8,22,87.2,True,bracket,urgent,SUP-04,69.3,0.586,5.04,15.0,73.86,Ivanov,2,2024-02-24,False,True,2,92.1
BATCH-5054,Line_B,evening,19,C,26.27,53.7,917,408,23,0.0564,49.5,373.6,5,76.9,False,housing,urgent,SUP-04,32.1,1.192,4.21,27.8,287.06,Petrov,4,2024-02-25,False,False,12,87.4
BATCH-5055,Line_A,day,3,B,24.99,63.1,1482,118,4,0.0339,11.7,166.1,70,78.4,True,housing,high,SUP-04,48.6,0.884,4.69,4.9,49.49,Petrov,1,2024-02-26,False,True,2,79.6
BATCH-5056,Line_A,day,13,A,19.2,65.0,979,233,7,0.03,19.5,239.5,59,81.6,True,widget,low,SUP-03,79.3,0.944,4.17,13.2,39.44,Petrov,6,2024-02-27,False,True,3,92.3
BATCH-5057,Line_A,evening,5,A,19.29,69.0,1307,122,4,0.0328,8.5,155.2,8,80.7,True,bracket,high,SUP-01,45.5,0.559,4.8,4.0,53.9,Sidorov,6,2024-02-28,False,True,1,81.6
BATCH-5058,Line_A,evening,14,A,21.77,53.5,1357,158,2,0.0127,16.2,193.9,18,93.3,True,widget,high,SUP-01,9.2,0.598,4.09,9.6,26.33,Kozlov,1,2024-02-29,False,True,1,85.5
BATCH-5059,Line_A,evening,8,A,20.65,57.7,1109,325,6,0.0185,27.8,312.6,17,92.4,True,gear,high,SUP-04,3.6,0.673,4.52,19.1,56.97,Sidorov,5,2024-03-01,True,True,3,83.6
BATCH-5060,Line_C,evening,2,A,18.59,33.5,948,178,9,0.0506,60.3,186.4,36,77.1,False,housing,low,SUP-02,63.2,1.131,4.52,9.9,89.52,Petrov,6,2024-03-02,False,False,3,74.8
BATCH-5061,Line_B,night,6,B,22.67,55.6,932,168,6,0.0357,30.1,183.2,41,82.1,True,gear,low,SUP-04,33.9,0.731,5.43,10.9,100.1,Ivanov,0,2024-03-03,False,True,4,82.6
BATCH-5062,Line_A,evening,10,B,20.58,55.9,1400,498,3,0.006,10.5,473.8,26,90.4,True,gear,urgent,SUP-04,19.7,0.06,4.75,20.7,34.07,Ivanov,5,2024-03-04,False,True,1,86.0
BATCH-5063,Line_B,day,15,B,19.98,50.8,1158,127,3,0.0236,23.7,157.8,83,91.8,True,widget,low,SUP-03,27.8,0.52,4.26,4.3,64.82,Kozlov,6,2024-03-05,False,True,1,86.9
BATCH-5064,Line_C,night,0,A,23.05,63.6,863,135,8,0.0593,76.4,155.1,19,70.1,False,housing,normal,SUP-04,60.6,1.081,4.77,9.7,57.82,Sidorov,1,2024-03-06,True,False,4,72.7
BATCH-5065,Line_A,night,19,B,27.54,62.7,1302,468,27,0.0577,56.9,439.7,51,77.0,False,widget,normal,SUP-02,37.2,1.09,5.36,20.7,446.93,Sidorov,4,2024-03-07,False,False,13,81.6
BATCH-5066,Line_A,day,12,A,22.6,39.2,975,297,3,0.0101,44.0,281.9,39,91.4,True,gear,low,SUP-02,69.5,0.938,3.85,16.4,24.6,Sidorov,5,2024-03-08,False,True,1,91.4
BATCH-5067,Line_A,evening,17,C,29.42,66.0,1413,69,4,0.058,13.2,124.6,35,63.0,False,gear,low,SUP-04,58.8,1.197,4.16,-0.0,62.26,Kozlov,2,2024-03-09,False,False,1,83.8
BATCH-5068,Line_A,day,18,A,22.51,52.5,1017,241,0,0.0,0.7,242.1,74,99.8,True,housing,urgent,SUP-04,77.9,0.516,4.41,11.1,0.0,Kozlov,1,2024-03-10,False,True,0,97.5
BATCH-5069,Line_C,evening,3,A,21.13,66.2,940,304,13,0.0428,26.8,286.7,88,85.1,True,gear,high,SUP-01,71.1,0.922,4.33,18.7,232.0,Ivanov,2,2024-03-11,False,False,10,76.9
BATCH-5070,Line_C,day,1,A,22.01,48.8,859,163,4,0.0245,10.5,175.5,1,88.6,True,gear,urgent,SUP-04,20.4,0.966,4.37,11.2,54.19,Petrov,2,2024-03-12,False,True,2,84.2
BATCH-5071,Line_A,evening,15,B,22.77,62.1,1158,296,4,0.0135,21.3,295.9,42,92.3,True,gear,normal,SUP-02,52.7,0.517,3.98,13.6,60.76,Ivanov,5,2024-03-13,True,True,2,85.7
BATCH-5072,Line_B,day,3,A,23.31,59.2,1116,341,7,0.0205,29.0,320.6,11,85.4,True,widget,normal,SUP-04,1.6,0.677,5.06,19.6,60.33,Petrov,2,2024-03-14,False,True,2,78.2
BATCH-5073,Line_A,evening,2,B,28.23,66.5,1326,162,7,0.0432,28.0,187.6,39,87.2,True,widget,normal,SUP-03,79.3,0.714,3.93,7.2,99.82,Sidorov,2,2024-03-15,False,False,4,73.7
BATCH-5074,Line_B,night,9,B,21.46,62.7,1125,415,15,0.0361,36.0,390.4,55,76.8,True,gear,normal,SUP-03,20.9,1.145,4.42,23.3,186.91,Ivanov,6,2024-03-16,False,True,6,82.3
BATCH-5075,Line_C,day,18,B,24.58,59.8,1041,253,6,0.0237,21.8,250.4,37,84.5,True,bracket,low,SUP-01,53.2,0.815,4.92,14.2,109.94,Ivanov,4,2024-03-17,False,True,2,92.9
BATCH-5076,Line_A,night,15,A,24.62,47.0,983,483,13,0.0269,40.6,437.1,28,89.4,True,bracket,high,SUP-02,67.9,0.627,4.49,27.9,178.05,Petrov,6,2024-03-18,False,True,4,85.3
BATCH-5077,Line_A,night,10,A,19.29,46.0,995,89,4,0.0449,17.1,124.8,28,68.3,True,widget,urgent,SUP-03,12.8,0.926,4.11,5.6,82.35,Sidorov,4,2024-03-19,False,False,2,79.6
BATCH-5078,Line_B,night,3,A,26.31,57.1,1449,195,10,0.0513,27.2,222.1,27,80.7,False,housing,normal,SUP-04,67.8,1.115,3.96,5.5,135.2,Sidorov,6,2024-03-20,True,False,6,75.6
BATCH-5079,Line_C,day,6,A,25.8,62.7,916,374,22,0.0588,47.3,337.9,29,73.7,False,gear,normal,SUP-01,1.0,1.038,4.41,25.6,213.74,Ivanov,1,2024-03-21,False,False,7,78.0
BATCH-5080,Line_A,night,13,B,21.43,55.3,1492,452,10,0.0221,25.8,444.6,34,93.4,True,gear,normal,SUP-01,35.4,0.614,4.2,16.3,104.74,Ivanov,6,2024-03-22,False,True,3,85.6
BATCH-5081,Line_A,day,3,A,21.97,67.8,1029,149,4,0.0268,25.5,172.4,62,89.4,True,housing,low,SUP-03,37.8,0.637,4.58,10.5,23.62,Kozlov,6,2024-03-23,False,True,2,79.5
BATCH-5082,Line_A,day,10,A,16.82,57.3,862,491,17,0.0346,43.4,433.8,9,81.9,True,housing,normal,SUP-02,29.9,0.914,3.94,33.5,268.57,Sidorov,0,2024-03-24,False,True,9,79.0
BATCH-5083,Line_B,night,0,A,20.22,51.4,974,137,4,0.0292,10.6,153.6,4,80.1,True,housing,normal,SUP-04,46.9,0.72,4.83,10.6,86.47,Kozlov,2,2024-03-25,False,True,2,77.4
BATCH-5084,Line_B,evening,6,B,25.14,59.8,841,237,10,0.0422,23.2,229.1,46,78.2,True,bracket,normal,SUP-01,73.2,0.831,4.55,14.7,203.82,Kozlov,2,2024-03-26,False,False,3,83.1
BATCH-5085,Line_C,evening,4,A,20.6,63.4,1353,191,7,0.0366,32.7,214.5,61,76.8,True,housing,normal,SUP-02,26.2,0.599,4.58,7.1,96.29,Kozlov,2,2024-03-27,False,True,4,80.0
BATCH-5086,Line_C,day,13,B,18.67,63.9,1159,240,11,0.0458,50.4,254.4,24,79.5,True,gear,high,SUP-01,46.3,0.974,5.08,13.2,98.15,Sidorov,5,2024-03-28,True,False,8,80.1
BATCH-5087,Line_C,night,18,A,24.69,81.2,1036,456,25,0.0548,54.3,412.7,18,76.6,False,bracket,normal,SUP-03,70.2,1.012,4.32,28.8,556.74,Kozlov,4,2024-03-29,False,False,15,86.7
BATCH-5088,Line_C,evening,2,C,20.43,54.4,1263,379,21,0.0554,48.0,371.8,56,79.7,False,bracket,low,SUP-04,61.8,0.99,4.21,21.3,128.85,Petrov,1,2024-03-30,True,False,8,73.2
BATCH-5089,Line_A,evening,15,B,20.59,60.4,1241,408,4,0.0098,8.1,386.5,35,97.0,True,housing,low,SUP-01,3.3,0.638,4.28,19.8,51.94,Kozlov,4,2024-03-31,False,True,2,94.8
BATCH-5090,Line_B,night,13,A,26.22,67.1,1458,164,10,0.061,21.4,198.9,66,74.1,False,housing,low,SUP-02,75.4,1.26,4.42,10.4,221.32,Petrov,6,2024-04-01,False,False,4,83.5
BATCH-5091,Line_A,day,19,A,18.51,60.3,1473,476,12,0.0252,38.4,452.3,14,85.9,True,widget,normal,SUP-04,3.7,0.892,4.46,18.8,154.36,Petrov,3,2024-04-02,False,True,3,89.6
BATCH-5092,Line_A,day,18,A,19.28,55.8,1276,245,5,0.0204,58.1,246.7,11,87.4,True,bracket,high,SUP-01,47.1,0.815,4.17,13.7,36.79,Sidorov,6,2024-04-03,False,True,2,85.4
BATCH-5093,Line_C,evening,2,A,22.46,46.2,1372,343,14,0.0408,39.1,342.4,50,82.0,True,housing,high,SUP-04,46.0,0.86,3.69,13.1,144.47,Petrov,4,2024-04-04,False,False,10,84.7
BATCH-5094,Line_B,night,14,A,26.91,58.0,1355,363,20,0.0551,49.6,357.3,35,70.5,False,housing,normal,SUP-04,62.9,0.938,4.28,16.9,340.01,Ivanov,6,2024-04-05,False,False,10,82.1
BATCH-5095,Line_C,day,11,C,25.71,52.0,1144,348,21,0.0603,60.0,339.7,65,71.2,False,housing,normal,SUP-01,11.9,0.894,4.64,13.6,168.86,Kozlov,6,2024-04-06,False,False,15,77.5
BATCH-5096,Line_B,day,2,B,20.0,43.7,1293,320,6,0.0188,16.1,311.2,46,85.3,True,gear,low,SUP-01,14.3,0.569,4.55,12.6,108.59,Petrov,0,2024-04-07,False,True,3,85.1
BATCH-5097,Line_B,day,5,A,24.81,54.5,855,266,6,0.0226,21.5,261.3,32,84.3,True,housing,normal,SUP-03,60.2,0.73,4.98,19.6,82.58,Kozlov,5,2024-04-08,False,True,3,85.1
BATCH-5098,Line_B,night,18,B,21.65,51.0,1331,341,3,0.0088,11.9,343.4,15,98.8,True,housing,normal,SUP-01,12.0,0.431,5.28,12.8,35.06,Petrov,1,2024-04-09,True,True,0,96.2
BATCH-5099,Line_A,day,10,A,27.48,69.1,1473,457,24,0.0525,53.8,445.5,15,78.2,False,bracket,high,SUP-03,37.6,1.044,4.8,19.5,235.64,Kozlov,5,2024-04-10,False,False,14,77.5
BATCH-5100,Line_A,evening,6,C,18.6,66.6,859,225,14,0.0622,30.5,222.7,68,64.0,False,bracket,normal,SUP-01,58.5,0.929,5.05,17.5,300.53,Sidorov,5,2024-04-11,False,False,4,76.5
BATCH-5101,Line_B,night,6,A,27.99,54.4,1385,279,12,0.043,31.0,297.5,21,81.9,True,gear,normal,SUP-03,52.1,0.598,4.81,11.1,155.2,Kozlov,1,2024-04-12,False,False,6,75.8
BATCH-5102,Line_A,day,16,B,20.03,58.4,1453,131,2,0.0153,12.6,170.1,45,89.7,True,bracket,normal,SUP-02,16.8,0.817,5.18,3.5,39.54,Kozlov,0,2024-04-13,False,True,0,91.9
BATCH-5103,Line_C,evening,5,B,28.04,44.8,958,209,8,0.0383,39.0,218.7,73,80.9,True,housing,low,SUP-03,24.3,0.788,5.24,12.1,110.46,Ivanov,2,2024-04-14,True,True,3,79.8
BATCH-5104,Line_A,evening,3,A,23.77,57.2,1167,397,11,0.0277,58.5,372.1,80,93.2,True,widget,urgent,SUP-04,77.5,0.61,4.88,18.5,75.21,Kozlov,2,2024-04-15,False,True,6,81.8
BATCH-5105,Line_A,night,11,A,20.95,65.3,1450,338,9,0.0266,19.1,334.6,24,90.7,True,widget,low,SUP-02,35.9,0.547,4.78,13.8,124.29,Kozlov,3,2024-04-16,False,True,2,84.7
BATCH-5106,Line_C,day,19,A,20.43,69.4,1472,145,5,0.0345,11.4,184.0,10,86.7,True,widget,low,SUP-03,3.6,0.93,4.42,6.1,75.77,Sidorov,0,2024-04-17,False,True,2,86.8
BATCH-5107,Line_A,day,3,C,24.34,55.2,890,295,15,0.0508,51.3,280.5,69,84.1,False,widget,low,SUP-03,17.6,1.283,4.48,19.3,212.35,Kozlov,0,2024-04-18,False,False,11,73.7
BATCH-5108,Line_C,day,5,B,25.16,73.1,1044,415,29,0.0699,67.9,380.1,62,61.5,False,housing,high,SUP-04,27.4,1.118,4.36,27.2,618.42,Kozlov,3,2024-04-19,False,False,9,75.9
BATCH-5109,Line_B,evening,9,B,21.79,46.4,1289,105,2,0.019,20.9,150.3,30,85.6,True,housing,normal,SUP-01,80.0,0.647,4.75,3.4,46.43,Sidorov,5,2024-04-20,False,True,0,90.2
BATCH-5110,Line_A,evening,3,B,22.13,49.2,955,77,1,0.013,3.2,100.3,53,89.9,True,housing,normal,SUP-01,24.2,0.844,4.21,7.6,20.74,Petrov,2,2024-04-21,False,True,0,82.2
BATCH-5111,Line_B,day,13,B,24.28,69.4,1027,226,8,0.0354,18.0,221.5,17,81.0,True,bracket,normal,SUP-02,2.1,0.492,4.42,11.1,133.25,Kozlov,2,2024-04-22,False,True,3,86.1
BATCH-5112,Line_B,day,5,A,22.4,78.4,816,345,9,0.0261,27.8,323.7,63,75.2,True,housing,low,SUP-03,41.0,1.154,3.56,25.5,142.46,Ivanov,1,2024-04-23,False,True,5,83.6
BATCH-5113,Line_C,night,2,B,20.12,66.0,907,190,10,0.0526,26.8,201.9,65,72.7,False,widget,high,SUP-04,6.7,1.515,5.19,14.9,178.92,Sidorov,1,2024-04-24,True,False,4,75.5
BATCH-5114,Line_C,day,5,B,19.56,60.5,1194,419,19,0.0453,45.3,389.6,27,74.6,True,bracket,low,SUP-02,21.9,0.412,4.41,23.3,204.38,Kozlov,2,2024-04-25,True,False,10,73.9
BATCH-5115,Line_B,day,18,A,22.71,39.9,1257,431,0,0.0,27.2,407.6,42,100.0,True,widget,low,SUP-01,79.4,0.48,4.68,19.7,0.0,Kozlov,1,2024-04-26,True,True,0,90.1
BATCH-5116,Line_B,evening,18,C,25.65,42.5,1254,289,12,0.0415,40.4,299.0,30,81.0,True,widget,normal,SUP-03,56.4,0.771,5.08,14.9,265.64,Petrov,2,2024-04-27,False,False,5,83.4
BATCH-5117,Line_A,day,10,A,26.85,64.3,1345,220,7,0.0318,19.8,245.3,3,81.1,True,widget,low,SUP-03,4.1,0.765,4.62,10.7,72.41,Ivanov,1,2024-04-28,False,True,5,77.2
BATCH-5118,Line_B,day,8,A,24.34,58.7,1091,68,1,0.0147,29.1,109.7,12,95.6,True,widget,low,SUP-02,35.9,0.563,5.08,2.7,23.06,Petrov,4,2024-04-29,False,True,0,90.3
BATCH-5119,Line_C,evening,16,B,22.86,50.8,991,419,3,0.0072,13.1,390.2,86,100.0,True,bracket,high,SUP-01,13.7,0.734,4.0,26.6,65.92,Kozlov,2,2024-04-30,False,True,1,92.7
BATCH-5120,Line_B,day,3,A,24.25,62.9,811,452,17,0.0376,50.5,398.5,41,77.4,True,housing,normal,SUP-04,9.8,0.853,5.46,37.2,229.33,Sidorov,5,2024-05-01,False,True,8,78.9
BATCH-5121,Line_B,evening,13,A,20.0,62.2,945,249,6,0.0241,28.0,246.6,14,85.5,True,housing,normal,SUP-04,47.0,0.559,4.93,16.8,139.08,Ivanov,4,2024-05-02,False,True,2,80.1
BATCH-5122,Line_B,evening,13,A,21.54,70.9,1019,282,10,0.0355,25.3,276.4,4,71.1,True,bracket,normal,SUP-03,40.5,0.821,4.58,17.7,74.09,Ivanov,4,2024-05-03,False,True,3,78.9
BATCH-5123,Line_C,evening,14,B,19.53,62.2,925,389,13,0.0334,38.9,356.1,32,77.8,True,widget,high,SUP-03,59.4,0.937,5.07,26.6,72.28,Petrov,4,2024-05-04,True,True,7,85.3
BATCH-5124,Line_C,day,4,B,18.25,72.8,814,362,19,0.0525,67.8,328.4,88,70.0,False,widget,low,SUP-02,71.4,0.788,4.03,23.8,227.19,Petrov,6,2024-05-05,False,False,11,82.4
BATCH-5125,Line_A,night,14,A,25.0,62.6,910,110,4,0.0364,34.8,133.9,35,82.2,True,housing,low,SUP-02,19.7,0.535,4.38,8.2,65.23,Ivanov,1,2024-05-06,False,True,2,82.6
BATCH-5126,Line_A,day,12,A,22.56,60.6,1266,352,2,0.0057,15.0,345.1,89,92.4,True,gear,normal,SUP-01,73.8,0.956,5.08,14.6,24.06,Petrov,6,2024-05-07,False,True,0,92.5
BATCH-5127,Line_B,evening,17,A,24.06,72.9,1241,466,15,0.0322,33.2,429.6,44,81.3,True,bracket,normal,SUP-01,41.4,0.694,3.75,21.4,357.62,Petrov,1,2024-05-08,False,True,6,85.6
BATCH-5128,Line_B,day,3,C,23.64,52.3,1455,387,19,0.0491,41.8,386.4,68,69.3,True,widget,urgent,SUP-02,20.7,0.964,4.72,20.3,191.79,Ivanov,0,2024-05-09,False,False,15,76.8
BATCH-5129,Line_B,evening,12,A,22.73,90.0,1359,266,16,0.0602,50.6,275.9,70,70.8,False,bracket,normal,SUP-02,67.7,1.022,4.71,11.2,169.99,Ivanov,5,2024-05-10,False,False,12,82.6
BATCH-5130,Line_A,day,16,C,23.67,65.9,1197,285,10,0.0351,29.0,286.8,3,84.6,True,widget,low,SUP-01,2.8,0.961,5.29,12.8,176.97,Sidorov,6,2024-05-11,False,True,3,84.9
BATCH-5131,Line_B,day,5,C,21.87,65.4,896,166,7,0.0422,23.1,176.1,1,80.9,True,widget,normal,SUP-04,44.8,1.277,3.87,13.4,35.54,Kozlov,0,2024-05-12,False,False,4,77.0
BATCH-5132,Line_B,evening,14,A,23.24,67.2,1195,347,6,0.0173,12.7,339.1,83,91.4,True,bracket,normal,SUP-02,57.7,0.789,5.14,15.5,117.31,Kozlov,4,2024-05-13,True,True,3,92.8
BATCH-5133,Line_B,day,1,B,19.82,79.7,843,158,8,0.0506,19.6,158.0,83,67.0,False,gear,low,SUP-03,22.4,0.702,4.28,10.3,100.4,Sidorov,3,2024-05-14,False,False,5,75.5
BATCH-5134,Line_B,day,14,B,23.11,69.9,1102,203,5,0.0246,23.4,221.9,12,84.6,True,housing,normal,SUP-02,69.1,0.469,4.32,13.6,122.77,Ivanov,1,2024-05-15,False,True,2,90.4
BATCH-5135,Line_B,evening,12,B,24.01,46.2,1073,169,3,0.0178,9.5,185.5,58,89.1,True,gear,low,SUP-02,19.2,0.598,4.01,9.5,56.49,Kozlov,3,2024-05-16,True,True,2,85.4
BATCH-5136,Line_B,night,3,A,21.99,75.6,1099,200,12,0.06,26.0,221.1,83,68.0,False,bracket,high,SUP-04,67.2,1.046,4.06,7.8,72.53,Kozlov,4,2024-05-17,False,False,4,78.7
BATCH-5137,Line_C,day,1,B,22.16,58.2,996,215,6,0.0279,16.8,219.4,85,86.4,True,bracket,high,SUP-03,6.3,0.435,4.66,14.0,41.12,Petrov,4,2024-05-18,False,True,2,80.7
BATCH-5138,Line_B,night,14,B,22.13,62.7,1280,87,3,0.0345,20.0,133.4,27,89.9,True,bracket,normal,SUP-04,12.8,1.009,4.06,3.3,20.29,Petrov,3,2024-05-19,False,True,2,86.4
BATCH-5139,Line_B,evening,4,B,20.42,48.3,1389,372,10,0.0269,34.4,376.6,73,90.6,True,widget,urgent,SUP-02,30.5,0.552,4.8,19.2,240.52,Ivanov,6,2024-05-20,False,True,3,82.0
BATCH-5140,Line_B,night,9,C,20.63,66.4,1338,248,16,0.0645,41.5,263.9,58,62.8,False,bracket,urgent,SUP-02,68.3,1.444,4.23,9.9,298.9,Kozlov,1,2024-05-21,False,False,5,75.1
BATCH-5141,Line_A,evening,1,A,25.8,56.2,1239,477,17,0.0356,41.7,449.8,83,85.6,True,bracket,low,SUP-02,11.6,1.22,4.01,25.2,230.39,Kozlov,4,2024-05-22,False,True,11,78.4
BATCH-5142,Line_A,evening,19,B,25.2,63.6,1177,131,5,0.0382,34.7,163.8,14,84.1,True,bracket,normal,SUP-03,70.0,0.832,4.29,10.2,45.05,Ivanov,2,2024-05-23,False,True,3,85.5
BATCH-5143,Line_B,evening,10,C,23.61,59.2,822,351,13,0.037,48.4,324.0,54,77.5,True,widget,normal,SUP-02,18.4,0.958,4.63,23.9,292.15,Sidorov,6,2024-05-24,False,True,8,85.5
BATCH-5144,Line_C,evening,18,A,27.92,82.6,1306,130,8,0.0615,22.4,169.7,3,73.5,False,housing,low,SUP-02,36.2,0.869,4.39,5.6,72.25,Petrov,1,2024-05-25,False,False,5,81.1
BATCH-5145,Line_B,night,3,A,23.43,81.9,1181,296,16,0.0541,57.9,300.1,32,72.1,False,gear,normal,SUP-01,28.2,1.166,4.51,15.8,306.14,Sidorov,6,2024-05-26,False,False,10,71.2
BATCH-5146,Line_A,day,4,A,31.1,64.8,990,270,21,0.0778,70.7,262.0,2,54.1,False,gear,normal,SUP-03,9.5,1.178,4.78,14.7,425.6,Ivanov,4,2024-05-27,False,False,7,66.4
BATCH-5147,Line_B,day,12,C,21.32,62.0,1029,251,11,0.0438,35.0,247.4,40,80.4,True,widget,urgent,SUP-03,75.5,0.721,4.93,15.2,119.82,Kozlov,1,2024-05-28,False,False,6,77.1
BATCH-5148,Line_A,day,12,A,22.77,58.1,1455,344,4,0.0116,14.3,344.8,73,95.3,True,widget,normal,SUP-03,35.1,0.558,4.38,13.7,60.39,Petrov,5,2024-05-29,True,True,2,90.5
BATCH-5149,Line_B,night,15,B,22.81,72.9,1237,422,19,0.045,47.2,400.0,59,76.4,True,gear,high,SUP-04,55.2,0.857,4.08,20.0,179.74,Kozlov,1,2024-05-30,False,False,13,80.0
BATCH-5150,Line_C,day,18,A,23.12,58.6,1133,192,4,0.0208,11.7,209.2,29,89.4,True,gear,normal,SUP-04,46.0,0.643,4.53,10.3,50.31,Ivanov,1,2024-05-31,False,True,1,90.7
BATCH-5151,Line_B,evening,16,A,24.51,58.1,1235,432,7,0.0162,35.6,410.9,38,88.3,True,housing,low,SUP-04,40.1,0.852,4.69,21.1,170.12,Sidorov,2,2024-06-01,False,True,2,90.2
BATCH-5152,Line_B,night,2,B,23.66,71.9,1090,133,8,0.0602,23.6,167.4,33,73.0,False,bracket,high,SUP-01,49.3,0.945,3.92,7.7,150.9,Petrov,4,2024-06-02,False,False,5,73.8
BATCH-5153,Line_A,night,6,A,29.33,58.4,1129,181,12,0.0663,41.7,196.4,66,66.6,False,housing,low,SUP-04,71.9,1.51,4.14,8.4,263.19,Kozlov,2,2024-06-03,False,False,5,76.1
BATCH-5154,Line_B,day,18,C,22.72,61.4,1003,189,6,0.0317,29.6,197.7,24,85.0,True,housing,low,SUP-02,55.9,0.552,4.21,10.2,94.87,Sidorov,3,2024-06-04,False,True,1,88.1
BATCH-5155,Line_C,evening,10,A,22.81,46.0,1108,479,12,0.0251,24.7,431.4,9,89.2,True,gear,normal,SUP-02,42.6,1.074,4.42,25.7,117.37,Sidorov,3,2024-06-05,False,True,8,76.9
BATCH-5156,Line_B,night,17,C,21.27,68.4,1280,103,6,0.0583,35.9,156.5,46,65.1,False,housing,normal,SUP-02,51.6,0.88,4.2,4.7,115.55,Ivanov,1,2024-06-06,False,False,3,80.9
BATCH-5157,Line_B,day,11,A,23.26,81.4,828,227,9,0.0396,20.3,224.5,74,75.7,True,widget,normal,SUP-02,48.5,0.896,4.78,15.6,135.1,Sidorov,1,2024-06-07,False,True,4,83.9
BATCH-5158,Line_A,evening,0,C,21.6,68.7,1357,240,13,0.0542,29.9,262.2,43,61.9,False,housing,low,SUP-04,34.6,0.944,3.86,11.3,110.98,Ivanov,2,2024-06-08,False,False,3,79.1
BATCH-5159,Line_A,day,9,B,20.18,75.7,998,410,13,0.0317,35.8,371.2,19,87.0,True,gear,normal,SUP-03,50.0,0.748,3.87,21.0,172.23,Petrov,1,2024-06-09,False,True,4,88.2
BATCH-5160,Line_A,evening,16,A,19.67,52.4,1278,268,7,0.0261,24.3,278.3,5,80.9,True,bracket,normal,SUP-04,35.5,0.921,4.37,11.1,123.88,Ivanov,6,2024-06-10,True,True,4,83.7
BATCH-5161,Line_A,evening,13,A,30.02,66.4,1250,485,21,0.0433,47.8,453.0,85,79.0,True,widget,low,SUP-04,60.6,1.233,4.43,22.7,413.84,Ivanov,2,2024-06-11,False,False,11,81.8
BATCH-5162,Line_A,day,2,A,21.21,51.9,1257,383,10,0.0261,25.7,368.0,68,88.8,True,widget,normal,SUP-02,77.5,0.999,3.92,16.6,98.64,Sidorov,2,2024-06-12,False,True,3,76.1
BATCH-5163,Line_C,day,4,B,17.63,58.0,1226,366,17,0.0464,50.6,359.5,14,79.8,True,gear,low,SUP-03,76.8,0.883,4.26,21.2,382.84,Ivanov,4,2024-06-13,False,False,8,82.3
BATCH-5164,Line_B,day,17,B,19.91,68.7,1471,388,15,0.0387,38.9,395.5,7,74.6,True,bracket,normal,SUP-03,65.7,0.924,4.34,15.9,188.87,Sidorov,5,2024-06-14,False,True,5,88.8
BATCH-5165,Line_A,day,19,A,21.85,62.6,1156,122,0,0.0,14.5,150.7,12,99.7,True,housing,normal,SUP-02,48.1,0.344,4.34,6.7,0.0,Kozlov,4,2024-06-15,False,True,0,95.6
BATCH-5166,Line_A,evening,15,A,23.64,48.0,1313,252,1,0.004,27.1,262.1,34,100.0,True,gear,high,SUP-03,59.9,0.342,4.56,10.6,8.9,Ivanov,3,2024-06-16,False,True,0,92.2
BATCH-5167,Line_A,day,1,B,23.66,48.9,1294,313,5,0.016,17.3,310.7,73,100.0,True,widget,normal,SUP-03,14.2,0.431,4.24,14.5,105.42,Sidorov,6,2024-06-17,False,True,2,86.4
BATCH-5168,Line_C,day,12,B,24.03,48.4,965,143,4,0.028,15.8,170.7,15,90.9,True,widget,normal,SUP-04,38.3,0.692,5.09,6.5,48.33,Petrov,6,2024-06-18,False,True,1,89.0
BATCH-5169,Line_A,evening,16,B,20.07,65.9,998,103,1,0.0097,7.8,137.5,73,96.8,True,gear,normal,SUP-04,20.6,0.647,4.7,5.9,14.67,Petrov,1,2024-06-19,False,True,0,94.5
BATCH-5170,Line_C,evening,12,A,23.02,82.5,1097,111,4,0.036,12.2,143.0,1,77.0,True,housing,urgent,SUP-03,0.3,0.478,4.18,4.2,37.83,Sidorov,1,2024-06-20,False,True,2,85.2
BATCH-5171,Line_C,evening,11,B,19.37,74.4,994,405,12,0.0296,46.3,373.9,66,88.8,True,widget,low,SUP-04,77.3,0.787,4.54,23.9,224.66,Sidorov,2,2024-06-21,False,True,6,83.5
BATCH-5172,Line_A,night,9,C,22.14,42.7,1057,345,18,0.0522,37.7,324.8,26,73.1,False,housing,low,SUP-01,69.1,1.325,4.55,14.5,371.17,Sidorov,5,2024-06-22,False,False,6,81.4
BATCH-5173,Line_B,day,4,A,19.25,75.0,1074,176,7,0.0398,29.1,198.9,86,82.9,True,widget,normal,SUP-04,41.1,1.122,4.99,7.6,82.52,Ivanov,6,2024-06-23,False,True,2,81.5
BATCH-5174,Line_C,night,5,A,20.43,70.5,1223,381,19,0.0499,44.4,364.0,43,71.9,True,gear,low,SUP-02,20.3,0.882,4.26,21.6,454.13,Sidorov,4,2024-06-24,False,False,6,76.9
BATCH-5175,Line_B,day,14,A,25.19,47.1,954,362,10,0.0276,27.2,336.0,25,85.3,True,gear,low,SUP-02,55.4,0.497,4.81,24.4,56.12,Petrov,4,2024-06-25,False,True,4,85.4
BATCH-5176,Line_A,evening,1,B,24.07,59.2,1363,417,10,0.024,52.5,404.8,22,88.8,True,gear,low,SUP-04,34.8,0.832,4.52,21.0,76.59,Petrov,1,2024-06-26,False,True,6,84.1
BATCH-5177,Line_C,night,1,A,26.93,74.0,1106,459,40,0.0871,85.3,421.6,74,57.7,False,bracket,normal,SUP-02,64.3,0.908,5.1,27.7,671.03,Kozlov,4,2024-06-27,False,False,14,73.1
BATCH-5178,Line_C,night,7,C,24.12,67.7,1294,447,33,0.0738,72.2,421.1,36,65.6,False,bracket,normal,SUP-04,80.0,1.46,5.02,22.1,627.93,Ivanov,1,2024-06-28,False,False,22,71.5
BATCH-5179,Line_B,evening,15,B,24.33,49.2,857,131,3,0.0229,9.2,147.7,32,85.7,True,gear,normal,SUP-02,27.9,0.686,4.58,8.3,30.04,Petrov,3,2024-06-29,False,True,1,87.1
BATCH-5180,Line_B,evening,13,B,16.72,66.1,1129,396,18,0.0455,42.8,377.2,66,70.5,True,housing,high,SUP-02,19.6,1.321,4.4,19.0,289.47,Petrov,1,2024-06-30,True,False,5,83.5
BATCH-5181,Line_A,day,11,B,24.59,41.0,820,226,4,0.0177,10.7,230.0,48,99.3,True,housing,normal,SUP-02,21.4,0.332,4.7,18.8,45.47,Ivanov,0,2024-07-01,False,True,1,88.4
BATCH-5182,Line_C,evening,10,A,22.53,59.5,1273,231,5,0.0216,20.1,251.4,60,100.0,True,widget,urgent,SUP-02,7.5,0.9,4.43,11.0,80.41,Kozlov,6,2024-07-02,False,True,1,84.1
BATCH-5183,Line_B,evening,2,B,23.88,73.5,1041,341,16,0.0469,37.1,328.8,40,78.8,True,housing,high,SUP-04,31.5,0.949,5.17,24.6,290.98,Petrov,6,2024-07-03,False,False,5,82.3
BATCH-5184,Line_A,night,6,A,25.14,62.7,1464,320,15,0.0469,37.1,328.2,6,69.9,True,housing,high,SUP-01,1.4,0.903,4.53,12.4,366.84,Sidorov,4,2024-07-04,False,False,8,79.9
BATCH-5185,Line_B,evening,1,B,19.04,55.7,1027,238,8,0.0336,45.7,238.2,1,79.3,True,bracket,high,SUP-03,9.2,0.562,4.34,17.9,112.91,Petrov,4,2024-07-05,True,True,2,80.4
BATCH-5186,Line_C,day,15,C,17.51,69.1,1195,499,39,0.0782,120.0,462.2,4,63.4,False,gear,normal,SUP-04,21.7,1.401,4.32,24.7,700.61,Kozlov,1,2024-07-06,False,False,27,82.1
BATCH-5187,Line_C,evening,15,B,19.86,70.7,980,128,4,0.0312,10.4,152.3,52,91.1,True,widget,normal,SUP-02,12.8,0.947,4.01,10.5,66.24,Sidorov,4,2024-07-07,False,True,2,84.9
BATCH-5188,Line_A,day,5,C,23.69,75.2,1234,93,5,0.0538,34.7,129.0,46,67.0,False,housing,normal,SUP-03,58.6,1.395,4.72,7.9,56.76,Petrov,5,2024-07-08,False,False,3,76.5
BATCH-5189,Line_A,day,5,A,24.07,71.0,1127,63,3,0.0476,6.4,105.1,67,75.6,True,gear,low,SUP-02,8.4,1.178,4.17,1.3,30.18,Kozlov,3,2024-07-09,False,False,2,74.2
BATCH-5190,Line_C,day,6,B,17.9,71.2,1059,416,26,0.0625,61.6,385.4,80,69.7,False,housing,normal,SUP-01,69.3,1.006,4.94,22.6,643.69,Kozlov,1,2024-07-10,False,False,14,75.0
BATCH-5191,Line_C,evening,17,B,19.06,68.0,943,232,8,0.0345,53.0,230.2,16,87.1,True,widget,low,SUP-03,17.7,0.644,3.98,12.7,73.1,Sidorov,2,2024-07-11,False,True,6,82.1
BATCH-5192,Line_B,day,9,B,19.83,63.6,878,246,6,0.0244,22.3,248.1,86,86.1,True,housing,low,SUP-04,8.7,0.47,4.55,14.3,124.83,Ivanov,5,2024-07-12,False,True,4,86.9
BATCH-5193,Line_B,day,15,A,20.93,62.2,884,342,1,0.0029,33.0,320.2,83,90.7,True,housing,urgent,SUP-03,0.8,0.824,4.96,24.5,7.93,Sidorov,1,2024-07-13,False,True,0,93.2
BATCH-5194,Line_B,day,8,A,17.91,58.0,1499,245,6,0.0245,27.5,277.8,55,90.9,True,housing,normal,SUP-02,57.2,0.589,3.64,9.4,126.52,Sidorov,6,2024-07-14,False,True,2,83.3
BATCH-5195,Line_B,night,13,B,19.73,48.8,1089,308,10,0.0325,27.6,302.1,48,89.4,True,bracket,normal,SUP-01,20.5,1.121,5.31,17.1,87.15,Petrov,5,2024-07-15,False,True,4,84.7
BATCH-5196,Line_A,evening,10,A,19.53,51.3,801,76,1,0.0132,12.7,101.3,16,93.0,True,housing,normal,SUP-04,40.8,0.737,4.33,6.8,24.34,Ivanov,6,2024-07-16,True,True,0,89.6
BATCH-5197,Line_A,day,5,B,22.26,58.9,1467,120,2,0.0167,14.4,164.7,16,93.7,True,bracket,normal,SUP-04,8.9,0.733,4.56,1.2,37.44,Sidorov,3,2024-07-17,True,True,1,80.8
BATCH-5198,Line_A,day,17,B,18.46,63.0,814,469,16,0.0341,48.1,416.0,2,80.6,True,housing,high,SUP-04,78.8,0.78,4.73,37.1,108.84,Kozlov,1,2024-07-18,False,True,7,87.3
BATCH-5199,Line_C,evening,14,C,21.65,75.9,1093,252,12,0.0476,30.6,256.3,58,72.0,True,housing,normal,SUP-02,10.0,1.108,4.79,13.1,226.36,Petrov,0,2024-07-19,False,False,6,84.6
BATCH-5200,Line_A,day,15,A,25.18,62.1,1302,125,3,0.024,13.3,158.3,39,93.1,True,housing,normal,SUP-03,33.0,0.737,4.61,6.8,51.22,Petrov,3,2024-07-20,False,True,2,82.4
BATCH-5201,Line_A,evening,18,C,18.09,70.5,1440,216,11,0.0509,70.7,242.1,18,76.5,False,gear,normal,SUP-02,68.1,0.935,4.9,10.2,129.26,Ivanov,2,2024-07-21,False,False,4,85.9
BATCH-5202,Line_B,day,4,A,21.38,72.2,1299,200,6,0.03,15.7,223.3,12,87.5,True,gear,normal,SUP-01,19.6,0.939,4.71,12.0,61.29,Sidorov,0,2024-07-22,False,True,3,76.0
BATCH-5203,Line_A,night,1,A,27.07,60.8,1125,173,12,0.0694,28.3,196.7,6,72.8,False,gear,normal,SUP-01,21.4,1.165,5.2,9.0,232.5,Kozlov,6,2024-07-23,False,False,5,71.3
BATCH-5204,Line_A,day,11,B,20.75,67.2,1482,182,6,0.033,18.6,222.0,58,78.2,True,gear,urgent,SUP-02,64.7,0.67,4.71,3.1,118.96,Kozlov,6,2024-07-24,False,True,4,80.4
BATCH-5205,Line_B,evening,6,A,20.28,58.6,828,378,11,0.0291,29.4,340.9,61,82.7,True,gear,normal,SUP-03,21.9,0.911,5.29,27.5,126.99,Petrov,2,2024-07-25,False,True,6,86.5
BATCH-5206,Line_A,day,8,A,25.49,75.9,1491,98,5,0.051,13.0,155.3,57,75.3,False,widget,normal,SUP-01,0.2,0.997,4.86,4.3,112.62,Ivanov,4,2024-07-26,False,False,1,75.3
BATCH-5207,Line_B,night,4,A,23.08,68.3,1395,189,7,0.037,17.6,220.0,10,78.7,True,bracket,normal,SUP-03,34.2,0.968,3.78,6.1,72.64,Petrov,2,2024-07-27,False,True,4,74.6
BATCH-5208,Line_C,night,7,B,27.31,51.3,1450,260,15,0.0577,30.7,266.2,4,75.1,False,housing,normal,SUP-02,1.0,0.986,5.54,11.1,95.96,Kozlov,3,2024-07-28,False,False,5,77.4
BATCH-5209,Line_A,evening,7,B,23.29,63.6,978,293,9,0.0307,21.2,280.9,10,83.7,True,bracket,urgent,SUP-04,72.8,0.565,4.27,17.2,152.98,Ivanov,4,2024-07-29,False,True,5,81.1
BATCH-5210,Line_C,evening,7,A,20.97,77.8,900,446,18,0.0404,49.1,407.2,67,74.8,True,housing,high,SUP-02,51.3,1.251,5.1,27.1,128.55,Ivanov,2,2024-07-30,False,False,10,75.9
BATCH-5211,Line_C,day,14,A,23.44,60.2,1264,465,15,0.0323,37.0,426.8,66,84.2,True,widget,normal,SUP-01,46.6,1.132,4.51,23.4,158.0,Kozlov,5,2024-07-31,True,True,7,87.1
BATCH-5212,Line_C,night,11,B,24.96,67.0,1161,183,9,0.0492,20.0,205.0,27,76.3,True,widget,normal,SUP-02,16.1,1.169,4.92,8.3,136.29,Sidorov,1,2024-08-01,False,False,5,74.7
BATCH-5213,Line_B,evening,9,A,25.06,68.0,1166,292,12,0.0411,24.2,299.8,5,84.1,True,housing,normal,SUP-04,56.0,0.833,4.22,14.2,128.73,Ivanov,4,2024-08-02,False,False,8,78.2
BATCH-5214,Line_B,day,2,B,20.35,50.7,1447,60,2,0.0333,8.5,116.6,29,85.3,True,gear,low,SUP-02,54.2,0.773,4.75,1.6,18.6,Ivanov,6,2024-08-03,True,True,1,77.6
BATCH-5215,Line_B,evening,11,C,22.12,66.7,1234,327,14,0.0428,29.6,323.3,73,80.9,True,bracket,normal,SUP-03,4.8,1.204,4.4,18.4,266.89,Petrov,5,2024-08-04,False,False,8,84.3
BATCH-5216,Line_B,evening,3,B,21.82,47.6,1018,118,0,0.0,0.2,138.8,13,100.0,True,bracket,high,SUP-04,70.5,0.429,5.13,6.9,0.0,Sidorov,0,2024-08-05,False,True,0,90.4
BATCH-5217,Line_A,night,6,C,26.11,56.6,1080,82,5,0.061,26.1,127.7,71,68.6,False,housing,normal,SUP-02,46.4,0.983,4.68,4.7,108.98,Kozlov,0,2024-08-06,True,False,2,79.1
BATCH-5218,Line_C,evening,8,B,18.92,71.4,893,352,19,0.054,52.7,325.9,42,69.4,False,bracket,low,SUP-03,63.4,1.414,4.87,22.8,315.87,Kozlov,4,2024-08-07,False,False,13,77.7
BATCH-5219,Line_B,evening,2,B,25.05,66.1,935,130,5,0.0385,13.1,151.0,13,82.2,True,widget,high,SUP-01,21.0,0.875,3.63,9.3,73.34,Petrov,6,2024-08-08,False,True,3,71.0
BATCH-5220,Line_C,evening,7,A,23.4,59.0,900,264,3,0.0114,8.3,263.0,84,92.6,True,housing,high,SUP-02,9.8,0.968,4.47,20.3,30.68,Petrov,5,2024-08-09,False,True,1,87.4
BATCH-5221,Line_A,day,5,A,18.05,64.9,1367,95,5,0.0526,22.6,147.7,47,82.1,False,gear,normal,SUP-02,56.2,0.746,4.66,5.5,104.21,Kozlov,6,2024-08-10,True,False,2,81.4
BATCH-5222,Line_A,day,16,B,25.62,62.1,1293,385,11,0.0286,28.4,368.3,60,92.4,True,housing,normal,SUP-03,63.5,0.89,4.59,19.2,98.31,Kozlov,1,2024-08-11,False,True,4,91.0
BATCH-5223,Line_B,day,17,A,28.7,63.7,1171,394,13,0.033,32.6,370.5,9,86.7,True,gear,normal,SUP-04,30.9,1.244,4.88,21.4,127.98,Ivanov,3,2024-08-12,False,True,4,88.3
BATCH-5224,Line_B,evening,0,C,25.01,69.1,1062,308,23,0.0747,52.4,302.0,34,64.5,False,housing,high,SUP-02,1.9,1.253,4.35,14.6,502.13,Sidorov,5,2024-08-13,False,False,11,66.5
BATCH-5225,Line_B,day,12,B,26.28,55.6,1268,426,10,0.0235,34.2,401.1,57,87.8,True,gear,low,SUP-02,65.5,0.682,4.52,18.4,198.24,Sidorov,4,2024-08-14,False,True,3,84.7
BATCH-5226,Line_A,day,12,C,22.26,62.1,1369,246,8,0.0325,56.4,254.7,58,77.4,True,widget,low,SUP-04,16.5,0.591,4.97,10.4,138.06,Ivanov,5,2024-08-15,False,True,4,90.3
BATCH-5227,Line_A,day,7,A,17.02,57.0,1417,133,5,0.0376,18.8,177.0,6,80.1,True,widget,normal,SUP-02,27.1,1.092,3.59,4.2,28.89,Kozlov,1,2024-08-16,False,True,1,76.7
BATCH-5228,Line_B,day,9,A,16.47,44.1,1183,118,6,0.0508,52.8,146.1,54,75.1,False,widget,low,SUP-03,50.3,0.854,4.74,3.9,45.27,Petrov,3,2024-08-17,False,False,2,75.9
BATCH-5229,Line_A,evening,15,B,22.77,52.6,1374,148,3,0.0203,8.3,195.2,85,91.0,True,gear,normal,SUP-03,8.0,0.684,4.37,2.7,45.0,Sidorov,3,2024-08-18,False,True,1,91.3
BATCH-5230,Line_C,day,7,A,20.22,76.7,1158,140,7,0.05,24.9,170.8,70,77.3,False,housing,high,SUP-01,5.8,0.753,4.14,4.6,139.49,Petrov,6,2024-08-19,False,False,3,77.2
BATCH-5231,Line_A,day,1,B,19.26,64.6,1132,195,8,0.041,17.0,208.1,19,84.1,True,widget,low,SUP-04,2.1,1.221,4.63,9.8,114.26,Sidorov,1,2024-08-20,False,False,4,73.8
BATCH-5232,Line_A,evening,7,B,21.81,48.3,1406,146,3,0.0205,16.6,183.6,82,86.3,True,gear,normal,SUP-02,73.3,0.936,4.99,6.1,16.04,Kozlov,2,2024-08-21,False,True,2,89.0
BATCH-5233,Line_A,day,5,C,23.85,46.8,1070,315,11,0.0349,38.5,296.1,61,79.1,True,bracket,urgent,SUP-03,24.9,0.843,4.92,16.1,95.54,Petrov,0,2024-08-22,False,True,8,81.9
BATCH-5234,Line_B,day,7,B,17.64,59.2,1077,116,4,0.0345,10.5,141.2,6,90.0,True,housing,normal,SUP-02,52.9,0.614,4.45,6.6,67.1,Petrov,1,2024-08-23,False,True,2,80.5
BATCH-5235,Line_B,day,4,A,20.65,76.8,1013,329,12,0.0365,27.4,319.0,12,85.6,True,widget,normal,SUP-04,79.1,1.172,4.85,18.6,226.61,Kozlov,6,2024-08-24,False,True,4,76.3
BATCH-5236,Line_B,night,2,A,28.53,61.7,1163,200,14,0.07,42.9,229.3,82,63.0,False,widget,normal,SUP-03,53.6,1.127,4.85,12.5,79.36,Kozlov,5,2024-08-25,False,False,4,78.1
BATCH-5237,Line_C,day,19,B,18.77,73.7,1181,359,14,0.039,32.3,349.9,19,80.0,True,bracket,low,SUP-01,42.0,0.669,4.47,17.9,82.13,Kozlov,1,2024-08-26,False,True,10,86.6
BATCH-5238,Line_A,evening,2,A,24.61,65.9,1262,280,12,0.0429,24.3,286.7,9,78.0,True,widget,low,SUP-01,41.7,0.577,4.22,14.7,122.71,Kozlov,4,2024-08-27,False,False,7,81.6
BATCH-5239,Line_B,night,14,A,22.55,66.5,1101,457,17,0.0372,48.8,418.5,41,81.6,True,housing,normal,SUP-04,30.2,0.743,4.25,25.3,113.39,Sidorov,4,2024-08-28,True,True,11,87.2
BATCH-5240,Line_A,evening,14,A,23.64,48.7,952,247,0,0.0,14.1,240.4,47,100.0,True,widget,normal,SUP-03,48.0,0.209,4.84,12.8,0.0,Kozlov,6,2024-08-29,False,True,0,90.4
BATCH-5241,Line_A,day,12,A,25.29,72.0,1407,182,7,0.0385,17.4,226.2,52,93.4,True,widget,normal,SUP-02,76.7,0.76,4.48,7.6,52.32,Kozlov,2,2024-08-30,False,True,2,81.8
BATCH-5242,Line_B,evening,18,B,24.22,58.9,1042,315,7,0.0222,46.0,303.2,59,89.8,True,housing,low,SUP-01,63.0,0.871,4.08,15.7,125.75,Ivanov,6,2024-08-31,False,True,3,93.9
BATCH-5243,Line_A,evening,0,A,24.73,71.0,1446,346,17,0.0491,37.8,359.7,89,78.8,True,bracket,high,SUP-01,33.9,0.916,3.83,14.1,349.26,Sidorov,2,2024-09-01,False,False,11,79.6
BATCH-5244,Line_B,day,6,B,18.55,52.4,945,247,7,0.0283,15.5,251.8,68,77.4,True,housing,low,SUP-04,26.6,0.854,4.83,14.2,170.87,Ivanov,5,2024-09-02,False,True,5,76.7
BATCH-5245,Line_B,evening,3,A,25.34,64.4,1192,301,16,0.0532,38.0,291.7,3,71.0,False,housing,high,SUP-04,70.7,0.887,4.28,15.9,383.49,Sidorov,2,2024-09-03,False,False,6,77.5
BATCH-5246,Line_B,day,11,B,19.44,64.4,1176,261,8,0.0307,16.4,264.3,8,90.8,True,gear,normal,SUP-02,10.9,0.82,4.63,10.6,83.74,Petrov,4,2024-09-04,True,True,4,84.0
BATCH-5247,Line_B,day,12,A,22.78,60.3,1380,187,4,0.0214,15.1,215.3,1,91.3,True,gear,normal,SUP-01,68.0,1.098,5.0,8.2,22.35,Petrov,2,2024-09-05,False,True,1,83.6
BATCH-5248,Line_B,day,17,C,22.77,65.9,897,191,9,0.0471,29.3,197.3,36,54.5,True,widget,normal,SUP-02,20.4,0.901,3.98,13.9,104.29,Kozlov,5,2024-09-06,False,False,7,84.9
BATCH-5249,Line_A,day,7,A,23.46,59.4,1437,458,13,0.0284,64.4,437.9,32,89.2,True,housing,low,SUP-01,57.3,0.861,4.48,20.9,249.2,Sidorov,4,2024-09-07,False,True,5,78.8
BATCH-5250,Line_A,day,4,B,23.01,55.4,1172,353,6,0.017,42.2,356.0,84,100.0,True,housing,normal,SUP-03,64.5,0.357,4.43,16.5,37.18,Sidorov,2,2024-09-08,False,True,3,82.2
BATCH-5251,Line_A,evening,18,A,19.47,76.9,1210,92,1,0.0109,12.1,128.7,33,84.6,True,housing,normal,SUP-03,38.2,0.913,4.65,4.6,12.19,Kozlov,6,2024-09-09,False,True,0,89.4
BATCH-5252,Line_B,night,13,A,19.95,71.5,1157,482,20,0.0415,40.7,444.6,3,86.8,True,gear,low,SUP-04,15.4,0.82,5.0,25.4,219.21,Ivanov,4,2024-09-10,False,False,12,81.7
BATCH-5253,Line_C,day,15,A,24.62,54.8,825,370,13,0.0351,35.1,340.3,79,68.6,True,widget,normal,SUP-02,67.6,1.061,3.97,30.0,122.03,Sidorov,3,2024-09-11,True,True,8,85.3
BATCH-5254,Line_A,evening,8,B,22.56,67.5,1148,72,1,0.0139,16.2,115.0,24,97.7,True,bracket,normal,SUP-01,29.4,0.614,4.73,0.8,19.12,Ivanov,0,2024-09-12,False,True,0,83.2
BATCH-5255,Line_B,evening,8,C,25.45,55.2,984,377,21,0.0557,64.4,351.4,82,72.1,False,gear,normal,SUP-01,25.7,1.179,4.91,21.2,381.82,Ivanov,6,2024-09-13,False,False,14,82.6
BATCH-5256,Line_C,day,7,A,21.87,49.7,1040,315,7,0.0222,43.4,298.8,69,77.2,True,gear,normal,SUP-02,40.8,0.856,4.43,23.8,109.97,Ivanov,5,2024-09-14,False,True,5,85.5
BATCH-5257,Line_C,day,14,A,17.78,70.7,1254,461,27,0.0586,60.4,432.1,79,72.9,False,widget,low,SUP-03,34.8,0.996,4.45,21.5,626.82,Sidorov,4,2024-09-15,False,False,19,85.7
BATCH-5258,Line_B,day,4,B,24.9,45.4,1148,270,7,0.0259,14.9,276.0,73,92.8,True,bracket,normal,SUP-01,54.6,0.977,4.67,10.3,49.44,Sidorov,5,2024-09-16,False,True,3,81.3
BATCH-5259,Line_B,day,19,B,20.89,70.5,865,283,7,0.0247,35.6,271.3,13,89.5,True,bracket,low,SUP-04,11.0,0.595,4.64,18.5,55.96,Kozlov,4,2024-09-17,False,True,4,87.9
BATCH-5260,Line_B,day,3,A,23.03,59.4,851,191,6,0.0314,14.2,198.2,56,87.2,True,widget,normal,SUP-02,34.9,0.97,4.73,7.9,76.01,Petrov,1,2024-09-18,False,True,3,85.5
BATCH-5261,Line_C,day,9,B,20.06,58.9,930,194,9,0.0464,30.5,208.8,37,74.7,True,widget,normal,SUP-04,71.3,0.886,4.72,13.0,163.06,Kozlov,1,2024-09-19,False,False,5,78.5
BATCH-5262,Line_A,evening,6,B,26.93,67.2,934,328,11,0.0335,25.4,313.8,56,73.9,True,housing,normal,SUP-02,2.9,0.905,4.11,22.7,183.5,Petrov,0,2024-09-20,False,True,5,80.8
BATCH-5263,Line_C,day,12,B,19.37,66.6,1226,422,16,0.0379,35.2,399.2,67,84.5,True,housing,normal,SUP-01,36.6,0.787,4.9,18.8,103.69,Ivanov,0,2024-09-21,False,True,9,85.6
BATCH-5264,Line_A,day,13,A,20.99,53.0,924,450,9,0.02,46.8,400.4,45,98.7,True,housing,urgent,SUP-01,52.8,0.71,4.97,28.3,217.52,Ivanov,5,2024-09-22,False,True,3,83.8
BATCH-5265,Line_C,day,18,A,22.32,68.9,1417,396,16,0.0404,41.9,384.7,28,85.4,True,bracket,normal,SUP-03,71.0,0.689,4.57,18.6,177.62,Ivanov,5,2024-09-23,True,False,8,88.1
BATCH-5266,Line_A,evening,15,A,18.72,61.8,947,324,9,0.0278,40.2,305.4,82,76.2,True,gear,high,SUP-03,47.5,0.828,3.9,17.0,109.62,Petrov,1,2024-09-24,True,True,3,88.7
BATCH-5267,Line_A,day,4,B,22.99,49.3,864,275,4,0.0145,13.0,264.5,60,85.2,True,housing,normal,SUP-04,66.0,0.654,4.45,16.5,69.89,Petrov,4,2024-09-25,False,True,1,87.9
BATCH-5268,Line_A,evening,4,A,26.84,61.4,1413,202,10,0.0495,27.8,229.9,79,71.0,True,gear,normal,SUP-04,17.8,0.887,4.58,8.1,239.03,Kozlov,0,2024-09-26,False,False,3,79.8
BATCH-5269,Line_B,day,17,B,20.53,75.0,1007,395,14,0.0354,37.4,361.7,22,74.3,True,bracket,low,SUP-01,28.2,0.843,4.04,22.0,255.55,Ivanov,2,2024-09-27,False,True,5,90.3
BATCH-5270,Line_A,day,9,B,23.19,78.7,1098,193,6,0.0311,33.2,203.3,75,84.7,True,widget,normal,SUP-02,75.4,0.838,4.36,10.0,144.57,Petrov,5,2024-09-28,False,True,4,82.9
BATCH-5271,Line_A,night,1,B,15.75,66.9,1471,170,12,0.0706,31.3,201.3,29,66.7,False,bracket,normal,SUP-01,70.9,1.083,3.94,4.4,105.02,Kozlov,5,2024-09-29,False,False,6,68.8
BATCH-5272,Line_B,day,16,A,21.88,49.7,1461,440,6,0.0136,21.5,423.9,41,86.0,True,housing,high,SUP-01,44.6,0.61,4.74,18.5,104.26,Ivanov,6,2024-09-30,False,True,1,96.6
BATCH-5273,Line_B,day,12,A,21.06,66.2,1300,315,12,0.0381,33.1,309.7,77,84.8,True,bracket,normal,SUP-01,38.0,0.68,4.57,14.2,258.93,Petrov,2,2024-10-01,False,True,8,78.8
BATCH-5274,Line_C,day,0,A,19.54,69.4,848,209,12,0.0574,34.8,204.6,32,74.3,False,gear,normal,SUP-01,36.1,1.543,3.84,15.9,182.17,Ivanov,6,2024-10-02,False,False,9,69.2
BATCH-5275,Line_C,night,15,B,27.24,70.4,1215,439,29,0.0661,59.3,410.0,23,64.2,False,widget,low,SUP-03,4.7,1.373,4.64,22.1,355.06,Sidorov,5,2024-10-03,False,False,21,81.0
BATCH-5276,Line_B,evening,12,C,21.02,69.2,1492,483,22,0.0455,49.1,454.3,82,76.4,True,housing,low,SUP-01,71.4,1.01,4.48,19.8,543.29,Kozlov,2,2024-10-04,False,False,15,86.8
BATCH-5277,Line_A,evening,12,A,21.47,65.1,1463,193,5,0.0259,10.5,229.4,86,77.3,True,bracket,high,SUP-01,65.5,0.993,4.71,5.0,39.1,Ivanov,2,2024-10-05,False,True,3,86.4
BATCH-5278,Line_A,night,17,C,22.87,61.1,874,284,14,0.0493,28.4,274.6,28,73.7,True,widget,low,SUP-01,36.5,0.597,4.34,20.5,185.06,Petrov,0,2024-10-06,False,False,8,86.6
BATCH-5279,Line_C,day,9,A,16.25,53.8,1077,267,12,0.0449,63.1,264.7,28,77.6,True,housing,low,SUP-03,22.4,0.437,4.18,14.2,269.61,Petrov,6,2024-10-07,False,False,9,74.5
BATCH-5280,Line_A,night,9,A,20.6,42.2,1021,365,10,0.0274,21.0,340.9,21,87.1,True,gear,urgent,SUP-03,27.4,0.694,4.19,21.1,230.1,Kozlov,1,2024-10-08,False,True,7,82.5
BATCH-5281,Line_B,day,12,A,24.88,65.9,891,477,20,0.0419,52.2,428.8,3,80.9,True,housing,urgent,SUP-04,9.9,0.643,4.28,34.2,492.15,Kozlov,1,2024-10-09,False,False,9,77.0
BATCH-5282,Line_C,evening,3,B,15.67,61.6,1286,296,15,0.0507,35.2,297.5,50,75.9,False,widget,normal,SUP-01,57.7,0.96,4.51,12.4,340.45,Ivanov,2,2024-10-10,False,False,10,78.7
BATCH-5283,Line_C,day,3,A,19.7,66.5,992,409,18,0.044,38.9,372.9,23,76.7,True,widget,normal,SUP-01,44.5,0.981,4.56,27.4,108.34,Petrov,0,2024-10-11,False,False,12,73.1
BATCH-5284,Line_B,day,16,A,20.8,47.9,1041,318,3,0.0094,24.1,312.5,76,96.7,True,bracket,high,SUP-02,18.7,0.778,4.42,21.2,70.79,Kozlov,5,2024-10-12,False,True,2,87.3
BATCH-5285,Line_B,night,4,B,29.23,70.2,863,449,41,0.0913,84.1,406.8,16,59.4,False,housing,normal,SUP-03,49.8,1.185,4.33,32.7,556.1,Ivanov,4,2024-10-13,True,False,30,70.3
BATCH-5286,Line_B,day,10,B,24.31,82.8,1149,232,9,0.0388,40.7,246.0,57,80.1,True,bracket,normal,SUP-01,78.3,0.968,4.36,10.2,162.29,Kozlov,1,2024-10-14,False,True,4,85.4
BATCH-5287,Line_C,night,5,A,22.33,62.5,911,223,10,0.0448,25.2,228.6,46,79.2,True,bracket,normal,SUP-01,9.8,0.951,5.5,10.3,128.86,Ivanov,1,2024-10-15,False,False,5,78.1
BATCH-5288,Line_A,day,4,A,25.91,62.2,1102,240,8,0.0333,16.7,237.2,55,82.4,True,gear,urgent,SUP-02,36.7,0.903,4.19,15.2,170.19,Sidorov,0,2024-10-16,False,True,4,82.1
BATCH-5289,Line_A,evening,11,B,19.78,64.0,900,498,21,0.0422,46.3,450.2,11,75.7,True,widget,urgent,SUP-01,39.5,0.818,4.28,33.4,346.89,Kozlov,6,2024-10-17,False,False,14,83.7
BATCH-5290,Line_B,night,16,A,27.03,83.4,1468,325,14,0.0431,39.7,335.3,42,81.1,True,widget,normal,SUP-02,13.3,1.208,5.82,11.8,306.75,Sidorov,3,2024-10-18,True,False,10,83.7
BATCH-5291,Line_A,day,8,A,17.92,50.1,901,118,2,0.0169,8.8,144.5,56,88.8,True,widget,low,SUP-04,42.5,0.648,4.67,10.2,17.75,Kozlov,4,2024-10-19,False,True,1,82.3
BATCH-5292,Line_B,night,2,B,27.22,65.2,1165,68,5,0.0735,12.2,114.6,31,65.2,False,gear,normal,SUP-03,48.5,1.59,3.95,1.8,43.5,Sidorov,1,2024-10-20,False,False,3,73.0
BATCH-5293,Line_A,evening,4,A,20.78,53.2,938,283,7,0.0247,18.6,273.5,78,87.8,True,bracket,normal,SUP-02,12.6,0.589,4.84,17.3,96.65,Ivanov,1,2024-10-21,False,True,5,83.9
BATCH-5294,Line_C,evening,3,B,18.91,55.2,853,412,14,0.034,30.0,370.9,48,81.5,True,widget,high,SUP-02,12.4,0.989,4.14,30.0,71.33,Sidorov,3,2024-10-22,False,True,5,82.4
BATCH-5295,Line_C,day,17,A,21.35,60.9,942,265,6,0.0226,34.8,260.9,33,87.1,True,bracket,low,SUP-04,68.5,0.714,4.86,14.7,113.14,Sidorov,1,2024-10-23,False,True,4,89.9
BATCH-5296,Line_B,evening,6,A,22.83,75.3,838,302,11,0.0364,30.0,282.0,3,79.3,True,gear,low,SUP-03,24.9,0.798,4.42,21.4,120.13,Petrov,4,2024-10-24,False,True,3,77.2
BATCH-5297,Line_C,evening,7,A,20.52,79.2,898,409,24,0.0587,57.9,376.4,15,62.4,False,housing,high,SUP-03,50.4,1.213,4.32,29.5,387.5,Ivanov,6,2024-10-25,True,False,13,78.8
BATCH-5298,Line_A,evening,1,A,23.66,66.6,1145,282,15,0.0532,63.9,274.9,43,75.3,False,widget,normal,SUP-04,50.1,0.972,5.14,15.2,96.0,Sidorov,2,2024-10-26,False,False,5,74.9
BATCH-5299,Line_B,day,8,A,20.25,57.3,1256,458,12,0.0262,26.8,426.5,36,88.1,True,widget,high,SUP-01,67.1,0.23,4.73,24.4,100.95,Sidorov,4,2024-10-27,False,True,7,82.3
